date,interface,usage_count
2026-04-01,HSK63,11
2026-04-02,HSK63,2
2026-04-03,HSK63,11
2026-04-04,HSK63,3
2026-04-05,HSK63,1
2026-04-06,HSK63,12
2026-04-07,HSK63,14
2026-04-08,HSK63,8
2026-04-09,HSK63,12
2026-04-10,HSK63,11
2026-04-11,HSK63,5
2026-04-12,HSK63,0
2026-04-13,HSK63,12
2026-04-14,HSK63,8
2026-04-15,HSK63,9
2026-04-16,HSK63,8
2026-04-17,HSK63,8
2026-04-18,HSK63,2
2026-04-19,HSK63,0
2026-04-20,HSK63,4
2026-04-21,HSK63,6
2026-04-22,HSK63,13
2026-04-23,HSK63,7
2026-04-24,HSK63,11
2026-04-25,HSK63,1
2026-04-26,HSK63,2
2026-04-27,HSK63,10
2026-04-28,HSK63,17
2026-04-29,HSK63,13
2026-04-30,HSK63,10
2026-05-01,HSK63,9
2026-05-02,HSK63,2
2026-05-03,HSK63,3
2026-05-04,HSK63,17
2026-05-05,HSK63,13
2026-05-06,HSK63,7
2026-05-07,HSK63,16
2026-05-08,HSK63,10
2026-05-09,HSK63,1
2026-05-10,HSK63,2
2026-05-11,HSK63,12
2026-05-12,HSK63,13
2026-05-13,HSK63,16
2026-05-14,HSK63,14
2026-05-15,HSK63,8
2026-05-16,HSK63,3
2026-05-17,HSK63,2
2026-05-18,HSK63,8
2026-05-19,HSK63,10
2026-05-20,HSK63,11
2026-05-21,HSK63,9
2026-05-22,HSK63,9
2026-05-23,HSK63,2
2026-05-24,HSK63,2
2026-05-25,HSK63,13
2026-05-26,HSK63,14
2026-05-27,HSK63,9
2026-05-28,HSK63,11
2026-05-29,HSK63,6
2026-05-30,HSK63,0
2026-05-31,HSK63,2
2026-06-01,HSK63,8
2026-06-02,HSK63,10
2026-06-03,HSK63,7
2026-06-04,HSK63,13
2026-06-05,HSK63,7
2026-06-06,HSK63,2
2026-06-07,HSK63,3
2026-06-08,HSK63,7
2026-06-09,HSK63,10
2026-06-10,HSK63,8
2026-06-11,HSK63,12
2026-06-12,HSK63,11
2026-06-13,HSK63,1
2026-06-14,HSK63,2
2026-06-15,HSK63,9
2026-06-16,HSK63,12
2026-06-17,HSK63,9
2026-06-18,HSK63,6
2026-06-19,HSK63,11
2026-06-20,HSK63,1
2026-06-21,HSK63,2
2026-06-22,HSK63,10
2026-06-23,HSK63,5
2026-06-24,HSK63,7
2026-06-25,HSK63,13
2026-06-26,HSK63,13
2026-06-27,HSK63,2
2026-06-28,HSK63,2
2026-06-29,HSK63,10
2026-06-30,HSK63,14
2026-07-01,HSK63,13
2026-07-02,HSK63,13
2026-07-03,HSK63,9
2026-07-04,HSK63,1
2026-07-05,HSK63,1
2026-07-06,HSK63,6
2026-07-07,HSK63,14
2026-07-08,HSK63,10
2026-07-09,HSK63,15
2026-07-10,HSK63,8
2026-07-11,HSK63,1
2026-07-12,HSK63,1
2026-07-13,HSK63,10
2026-07-14,HSK63,9
2026-07-15,HSK63,6
2026-07-16,HSK63,15
2026-07-17,HSK63,11
2026-07-18,HSK63,4
2026-07-19,HSK63,2
2026-07-20,HSK63,11
2026-07-21,HSK63,12
2026-07-22,HSK63,7
2026-07-23,HSK63,11
2026-07-24,HSK63,15
2026-07-25,HSK63,2
2026-07-26,HSK63,2
2026-07-27,HSK63,16
2026-07-28,HSK63,10
2026-07-29,HSK63,13
2026-07-30,HSK63,7
2026-07-31,HSK63,12
2026-08-01,HSK63,1
2026-08-02,HSK63,2
2026-08-03,HSK63,6
2026-08-04,HSK63,12
2026-08-05,HSK63,8
2026-08-06,HSK63,15
2026-08-07,HSK63,11
2026-08-08,HSK63,1
2026-08-09,HSK63,0
2026-08-10,HSK63,11
2026-08-11,HSK63,21
2026-08-12,HSK63,9
2026-08-13,HSK63,7
2026-08-14,HSK63,11
2026-08-15,HSK63,0
2026-08-16,HSK63,2
2026-08-17,HSK63,17
2026-08-18,HSK63,9
2026-08-19,HSK63,13
2026-08-20,HSK63,13
2026-08-21,HSK63,12
2026-08-22,HSK63,2
2026-08-23,HSK63,1
2026-08-24,HSK63,14
2026-08-25,HSK63,9
2026-08-26,HSK63,7
2026-08-27,HSK63,6
2026-08-28,HSK63,10
2026-08-29,HSK63,1
2026-08-30,HSK63,3
2026-08-31,HSK63,11
2026-09-01,HSK63,10
2026-09-02,HSK63,8
2026-09-03,HSK63,12
2026-09-04,HSK63,12
2026-09-05,HSK63,3
2026-09-06,HSK63,1
2026-09-07,HSK63,9
2026-09-08,HSK63,9
2026-09-09,HSK63,3
2026-09-10,HSK63,11
2026-09-11,HSK63,11
2026-09-12,HSK63,0
2026-09-13,HSK63,2
2026-09-14,HSK63,7
2026-09-15,HSK63,9
2026-09-16,HSK63,8
2026-09-17,HSK63,11
2026-09-18,HSK63,9
2026-09-19,HSK63,3
2026-09-20,HSK63,2
2026-09-21,HSK63,10
2026-09-22,HSK63,11
2026-09-23,HSK63,9
2026-09-24,HSK63,5
2026-09-25,HSK63,16
2026-09-26,HSK63,0
2026-09-27,HSK63,1
2026-04-01,BT40,15
2026-04-02,BT40,10
2026-04-03,BT40,9
2026-04-04,BT40,1
2026-04-05,BT40,2
2026-04-06,BT40,11
2026-04-07,BT40,5
2026-04-08,BT40,5
2026-04-09,BT40,9
2026-04-10,BT40,11
2026-04-11,BT40,2
2026-04-12,BT40,2
2026-04-13,BT40,7
2026-04-14,BT40,8
2026-04-15,BT40,9
2026-04-16,BT40,8
2026-04-17,BT40,10
2026-04-18,BT40,1
2026-04-19,BT40,3
2026-04-20,BT40,5
2026-04-21,BT40,7
2026-04-22,BT40,6
2026-04-23,BT40,7
2026-04-24,BT40,8
2026-04-25,BT40,3
2026-04-26,BT40,3
2026-04-27,BT40,7
2026-04-28,BT40,14
2026-04-29,BT40,12
2026-04-30,BT40,8
2026-05-01,BT40,12
2026-05-02,BT40,3
2026-05-03,BT40,4
2026-05-04,BT40,10
2026-05-05,BT40,3
2026-05-06,BT40,10
2026-05-07,BT40,12
2026-05-08,BT40,7
2026-05-09,BT40,1
2026-05-10,BT40,2
2026-05-11,BT40,8
2026-05-12,BT40,8
2026-05-13,BT40,8
2026-05-14,BT40,9
2026-05-15,BT40,11
2026-05-16,BT40,4
2026-05-17,BT40,0
2026-05-18,BT40,17
2026-05-19,BT40,14
2026-05-20,BT40,11
2026-05-21,BT40,2
2026-05-22,BT40,11
2026-05-23,BT40,1
2026-05-24,BT40,0
2026-05-25,BT40,9
2026-05-26,BT40,9
2026-05-27,BT40,9
2026-05-28,BT40,16
2026-05-29,BT40,9
2026-05-30,BT40,2
2026-05-31,BT40,1
2026-06-01,BT40,8
2026-06-02,BT40,3
2026-06-03,BT40,5
2026-06-04,BT40,9
2026-06-05,BT40,12
2026-06-06,BT40,1
2026-06-07,BT40,2
2026-06-08,BT40,10
2026-06-09,BT40,6
2026-06-10,BT40,13
2026-06-11,BT40,10
2026-06-12,BT40,6
2026-06-13,BT40,2
2026-06-14,BT40,1
2026-06-15,BT40,5
2026-06-16,BT40,8
2026-06-17,BT40,12
2026-06-18,BT40,8
2026-06-19,BT40,10
2026-06-20,BT40,2
2026-06-21,BT40,2
2026-06-22,BT40,4
2026-06-23,BT40,17
2026-06-24,BT40,7
2026-06-25,BT40,11
2026-06-26,BT40,10
2026-06-27,BT40,1
2026-06-28,BT40,3
2026-06-29,BT40,8
2026-06-30,BT40,12
2026-07-01,BT40,7
2026-07-02,BT40,4
2026-07-03,BT40,5
2026-07-04,BT40,5
2026-07-05,BT40,4
2026-07-06,BT40,4
2026-07-07,BT40,6
2026-07-08,BT40,12
2026-07-09,BT40,11
2026-07-10,BT40,4
2026-07-11,BT40,3
2026-07-12,BT40,2
2026-07-13,BT40,5
2026-07-14,BT40,5
2026-07-15,BT40,5
2026-07-16,BT40,10
2026-07-17,BT40,6
2026-07-18,BT40,1
2026-07-19,BT40,1
2026-07-20,BT40,12
2026-07-21,BT40,10
2026-07-22,BT40,16
2026-07-23,BT40,17
2026-07-24,BT40,15
2026-07-25,BT40,0
2026-07-26,BT40,1
2026-07-27,BT40,7
2026-07-28,BT40,4
2026-07-29,BT40,8
2026-07-30,BT40,4
2026-07-31,BT40,11
2026-08-01,BT40,4
2026-08-02,BT40,4
2026-08-03,BT40,9
2026-08-04,BT40,9
2026-08-05,BT40,4
2026-08-06,BT40,14
2026-08-07,BT40,4
2026-08-08,BT40,1
2026-08-09,BT40,1
2026-08-10,BT40,9
2026-08-11,BT40,8
2026-08-12,BT40,6
2026-08-13,BT40,6
2026-08-14,BT40,14
2026-08-15,BT40,0
2026-08-16,BT40,3
2026-08-17,BT40,11
2026-08-18,BT40,10
2026-08-19,BT40,9
2026-08-20,BT40,6
2026-08-21,BT40,9
2026-08-22,BT40,0
2026-08-23,BT40,1
2026-08-24,BT40,6
2026-08-25,BT40,11
2026-08-26,BT40,10
2026-08-27,BT40,10
2026-08-28,BT40,7
2026-08-29,BT40,2
2026-08-30,BT40,1
2026-08-31,BT40,10
2026-09-01,BT40,7
2026-09-02,BT40,13
2026-09-03,BT40,8
2026-09-04,BT40,9
2026-09-05,BT40,3
2026-09-06,BT40,2
2026-09-07,BT40,13
2026-09-08,BT40,8
2026-09-09,BT40,8
2026-09-10,BT40,7
2026-09-11,BT40,8
2026-09-12,BT40,0
2026-09-13,BT40,1
2026-09-14,BT40,5
2026-09-15,BT40,6
2026-09-16,BT40,7
2026-09-17,BT40,7
2026-09-18,BT40,4
2026-09-19,BT40,1
2026-09-20,BT40,0
2026-09-21,BT40,10
2026-09-22,BT40,11
2026-09-23,BT40,8
2026-09-24,BT40,10
2026-09-25,BT40,9
2026-09-26,BT40,1
2026-09-27,BT40,0
2026-04-01,BBT40,5
2026-04-02,BBT40,8
2026-04-03,BBT40,5
2026-04-04,BBT40,1
2026-04-05,BBT40,1
2026-04-06,BBT40,6
2026-04-07,BBT40,7
2026-04-08,BBT40,8
2026-04-09,BBT40,1
2026-04-10,BBT40,7
2026-04-11,BBT40,1
2026-04-12,BBT40,1
2026-04-13,BBT40,4
2026-04-14,BBT40,2
2026-04-15,BBT40,6
2026-04-16,BBT40,4
2026-04-17,BBT40,7
2026-04-18,BBT40,1
2026-04-19,BBT40,2
2026-04-20,BBT40,3
2026-04-21,BBT40,5
2026-04-22,BBT40,6
2026-04-23,BBT40,4
2026-04-24,BBT40,8
2026-04-25,BBT40,1
2026-04-26,BBT40,3
2026-04-27,BBT40,3
2026-04-28,BBT40,6
2026-04-29,BBT40,5
2026-04-30,BBT40,4
2026-05-01,BBT40,6
2026-05-02,BBT40,1
2026-05-03,BBT40,0
2026-05-04,BBT40,6
2026-05-05,BBT40,8
2026-05-06,BBT40,5
2026-05-07,BBT40,4
2026-05-08,BBT40,4
2026-05-09,BBT40,1
2026-05-10,BBT40,0
2026-05-11,BBT40,4
2026-05-12,BBT40,3
2026-05-13,BBT40,9
2026-05-14,BBT40,7
2026-05-15,BBT40,6
2026-05-16,BBT40,0
2026-05-17,BBT40,2
2026-05-18,BBT40,11
2026-05-19,BBT40,3
2026-05-20,BBT40,4
2026-05-21,BBT40,8
2026-05-22,BBT40,1
2026-05-23,BBT40,0
2026-05-24,BBT40,0
2026-05-25,BBT40,6
2026-05-26,BBT40,9
2026-05-27,BBT40,9
2026-05-28,BBT40,8
2026-05-29,BBT40,6
2026-05-30,BBT40,2
2026-05-31,BBT40,3
2026-06-01,BBT40,3
2026-06-02,BBT40,5
2026-06-03,BBT40,6
2026-06-04,BBT40,3
2026-06-05,BBT40,6
2026-06-06,BBT40,1
2026-06-07,BBT40,1
2026-06-08,BBT40,3
2026-06-09,BBT40,7
2026-06-10,BBT40,5
2026-06-11,BBT40,4
2026-06-12,BBT40,6
2026-06-13,BBT40,2
2026-06-14,BBT40,2
2026-06-15,BBT40,9
2026-06-16,BBT40,7
2026-06-17,BBT40,8
2026-06-18,BBT40,5
2026-06-19,BBT40,3
2026-06-20,BBT40,1
2026-06-21,BBT40,1
2026-06-22,BBT40,5
2026-06-23,BBT40,5
2026-06-24,BBT40,3
2026-06-25,BBT40,7
2026-06-26,BBT40,7
2026-06-27,BBT40,2
2026-06-28,BBT40,2
2026-06-29,BBT40,7
2026-06-30,BBT40,10
2026-07-01,BBT40,6
2026-07-02,BBT40,6
2026-07-03,BBT40,7
2026-07-04,BBT40,2
2026-07-05,BBT40,0
2026-07-06,BBT40,2
2026-07-07,BBT40,6
2026-07-08,BBT40,4
2026-07-09,BBT40,10
2026-07-10,BBT40,7
2026-07-11,BBT40,2
2026-07-12,BBT40,5
2026-07-13,BBT40,2
2026-07-14,BBT40,11
2026-07-15,BBT40,3
2026-07-16,BBT40,9
2026-07-17,BBT40,3
2026-07-18,BBT40,4
2026-07-19,BBT40,0
2026-07-20,BBT40,6
2026-07-21,BBT40,6
2026-07-22,BBT40,3
2026-07-23,BBT40,6
2026-07-24,BBT40,9
2026-07-25,BBT40,0
2026-07-26,BBT40,1
2026-07-27,BBT40,5
2026-07-28,BBT40,6
2026-07-29,BBT40,3
2026-07-30,BBT40,7
2026-07-31,BBT40,7
2026-08-01,BBT40,2
2026-08-02,BBT40,1
2026-08-03,BBT40,5
2026-08-04,BBT40,7
2026-08-05,BBT40,6
2026-08-06,BBT40,4
2026-08-07,BBT40,8
2026-08-08,BBT40,3
2026-08-09,BBT40,3
2026-08-10,BBT40,8
2026-08-11,BBT40,9
2026-08-12,BBT40,14
2026-08-13,BBT40,6
2026-08-14,BBT40,10
2026-08-15,BBT40,3
2026-08-16,BBT40,2
2026-08-17,BBT40,9
2026-08-18,BBT40,7
2026-08-19,BBT40,5
2026-08-20,BBT40,6
2026-08-21,BBT40,5
2026-08-22,BBT40,2
2026-08-23,BBT40,0
2026-08-24,BBT40,16
2026-08-25,BBT40,8
2026-08-26,BBT40,13
2026-08-27,BBT40,10
2026-08-28,BBT40,10
2026-08-29,BBT40,2
2026-08-30,BBT40,1
2026-08-31,BBT40,10
2026-09-01,BBT40,12
2026-09-02,BBT40,11
2026-09-03,BBT40,6
2026-09-04,BBT40,15
2026-09-05,BBT40,2
2026-09-06,BBT40,0
2026-09-07,BBT40,10
2026-09-08,BBT40,11
2026-09-09,BBT40,10
2026-09-10,BBT40,9
2026-09-11,BBT40,13
2026-09-12,BBT40,3
2026-09-13,BBT40,0
2026-09-14,BBT40,10
2026-09-15,BBT40,10
2026-09-16,BBT40,11
2026-09-17,BBT40,12
2026-09-18,BBT40,14
2026-09-19,BBT40,3
2026-09-20,BBT40,2
2026-09-21,BBT40,17
2026-09-22,BBT40,14
2026-09-23,BBT40,13
2026-09-24,BBT40,13
2026-09-25,BBT40,15
2026-09-26,BBT40,6
2026-09-27,BBT40,4
2026-04-01,HSK100,1
2026-04-02,HSK100,6
2026-04-03,HSK100,4
2026-04-04,HSK100,3
2026-04-05,HSK100,1
2026-04-06,HSK100,5
2026-04-07,HSK100,7
2026-04-08,HSK100,6
2026-04-09,HSK100,7
2026-04-10,HSK100,4
2026-04-11,HSK100,1
2026-04-12,HSK100,2
2026-04-13,HSK100,5
2026-04-14,HSK100,3
2026-04-15,HSK100,6
2026-04-16,HSK100,5
2026-04-17,HSK100,6
2026-04-18,HSK100,3
2026-04-19,HSK100,0
2026-04-20,HSK100,5
2026-04-21,HSK100,5
2026-04-22,HSK100,4
2026-04-23,HSK100,3
2026-04-24,HSK100,3
2026-04-25,HSK100,1
2026-04-26,HSK100,3
2026-04-27,HSK100,2
2026-04-28,HSK100,3
2026-04-29,HSK100,5
2026-04-30,HSK100,4
2026-05-01,HSK100,3
2026-05-02,HSK100,1
2026-05-03,HSK100,0
2026-05-04,HSK100,6
2026-05-05,HSK100,3
2026-05-06,HSK100,3
2026-05-07,HSK100,4
2026-05-08,HSK100,5
2026-05-09,HSK100,0
2026-05-10,HSK100,0
2026-05-11,HSK100,3
2026-05-12,HSK100,3
2026-05-13,HSK100,3
2026-05-14,HSK100,6
2026-05-15,HSK100,5
2026-05-16,HSK100,1
2026-05-17,HSK100,0
2026-05-18,HSK100,5
2026-05-19,HSK100,1
2026-05-20,HSK100,3
2026-05-21,HSK100,2
2026-05-22,HSK100,8
2026-05-23,HSK100,1
2026-05-24,HSK100,0
2026-05-25,HSK100,7
2026-05-26,HSK100,4
2026-05-27,HSK100,3
2026-05-28,HSK100,6
2026-05-29,HSK100,4
2026-05-30,HSK100,1
2026-05-31,HSK100,0
2026-06-01,HSK100,3
2026-06-02,HSK100,5
2026-06-03,HSK100,3
2026-06-04,HSK100,2
2026-06-05,HSK100,4
2026-06-06,HSK100,2
2026-06-07,HSK100,0
2026-06-08,HSK100,7
2026-06-09,HSK100,4
2026-06-10,HSK100,2
2026-06-11,HSK100,4
2026-06-12,HSK100,4
2026-06-13,HSK100,0
2026-06-14,HSK100,0
2026-06-15,HSK100,5
2026-06-16,HSK100,5
2026-06-17,HSK100,2
2026-06-18,HSK100,2
2026-06-19,HSK100,4
2026-06-20,HSK100,3
2026-06-21,HSK100,0
2026-06-22,HSK100,4
2026-06-23,HSK100,3
2026-06-24,HSK100,7
2026-06-25,HSK100,2
2026-06-26,HSK100,4
2026-06-27,HSK100,2
2026-06-28,HSK100,0
2026-06-29,HSK100,6
2026-06-30,HSK100,4
2026-07-01,HSK100,2
2026-07-02,HSK100,5
2026-07-03,HSK100,3
2026-07-04,HSK100,2
2026-07-05,HSK100,1
2026-07-06,HSK100,6
2026-07-07,HSK100,4
2026-07-08,HSK100,3
2026-07-09,HSK100,6
2026-07-10,HSK100,2
2026-07-11,HSK100,1
2026-07-12,HSK100,0
2026-07-13,HSK100,6
2026-07-14,HSK100,4
2026-07-15,HSK100,5
2026-07-16,HSK100,2
2026-07-17,HSK100,4
2026-07-18,HSK100,0
2026-07-19,HSK100,2
2026-07-20,HSK100,4
2026-07-21,HSK100,4
2026-07-22,HSK100,5
2026-07-23,HSK100,1
2026-07-24,HSK100,4
2026-07-25,HSK100,2
2026-07-26,HSK100,1
2026-07-27,HSK100,4
2026-07-28,HSK100,2
2026-07-29,HSK100,2
2026-07-30,HSK100,1
2026-07-31,HSK100,4
2026-08-01,HSK100,0
2026-08-02,HSK100,0
2026-08-03,HSK100,6
2026-08-04,HSK100,6
2026-08-05,HSK100,1
2026-08-06,HSK100,4
2026-08-07,HSK100,2
2026-08-08,HSK100,0
2026-08-09,HSK100,0
2026-08-10,HSK100,5
2026-08-11,HSK100,6
2026-08-12,HSK100,3
2026-08-13,HSK100,3
2026-08-14,HSK100,4
2026-08-15,HSK100,1
2026-08-16,HSK100,0
2026-08-17,HSK100,5
2026-08-18,HSK100,5
2026-08-19,HSK100,6
2026-08-20,HSK100,3
2026-08-21,HSK100,4
2026-08-22,HSK100,1
2026-08-23,HSK100,2
2026-08-24,HSK100,0
2026-08-25,HSK100,6
2026-08-26,HSK100,6
2026-08-27,HSK100,0
2026-08-28,HSK100,4
2026-08-29,HSK100,1
2026-08-30,HSK100,0
2026-08-31,HSK100,4
2026-09-01,HSK100,4
2026-09-02,HSK100,1
2026-09-03,HSK100,5
2026-09-04,HSK100,6
2026-09-05,HSK100,1
2026-09-06,HSK100,2
2026-09-07,HSK100,1
2026-09-08,HSK100,4
2026-09-09,HSK100,8
2026-09-10,HSK100,7
2026-09-11,HSK100,3
2026-09-12,HSK100,1
2026-09-13,HSK100,0
2026-09-14,HSK100,3
2026-09-15,HSK100,4
2026-09-16,HSK100,5
2026-09-17,HSK100,5
2026-09-18,HSK100,4
2026-09-19,HSK100,0
2026-09-20,HSK100,0
2026-09-21,HSK100,2
2026-09-22,HSK100,3
2026-09-23,HSK100,3
2026-09-24,HSK100,6
2026-09-25,HSK100,8
2026-09-26,HSK100,0
2026-09-27,HSK100,1
2026-04-01,BBT50,2
2026-04-02,BBT50,3
2026-04-03,BBT50,4
2026-04-04,BBT50,1
2026-04-05,BBT50,1
2026-04-06,BBT50,4
2026-04-07,BBT50,4
2026-04-08,BBT50,5
2026-04-09,BBT50,2
2026-04-10,BBT50,2
2026-04-11,BBT50,0
2026-04-12,BBT50,1
2026-04-13,BBT50,1
2026-04-14,BBT50,1
2026-04-15,BBT50,3
2026-04-16,BBT50,3
2026-04-17,BBT50,4
2026-04-18,BBT50,1
2026-04-19,BBT50,0
2026-04-20,BBT50,1
2026-04-21,BBT50,3
2026-04-22,BBT50,3
2026-04-23,BBT50,2
2026-04-24,BBT50,4
2026-04-25,BBT50,0
2026-04-26,BBT50,0
2026-04-27,BBT50,2
2026-04-28,BBT50,0
2026-04-29,BBT50,5
2026-04-30,BBT50,3
2026-05-01,BBT50,4
2026-05-02,BBT50,0
2026-05-03,BBT50,0
2026-05-04,BBT50,1
2026-05-05,BBT50,1
2026-05-06,BBT50,1
2026-05-07,BBT50,2
2026-05-08,BBT50,2
2026-05-09,BBT50,0
2026-05-10,BBT50,0
2026-05-11,BBT50,2
2026-05-12,BBT50,5
2026-05-13,BBT50,2
2026-05-14,BBT50,2
2026-05-15,BBT50,0
2026-05-16,BBT50,0
2026-05-17,BBT50,0
2026-05-18,BBT50,5
2026-05-19,BBT50,3
2026-05-20,BBT50,4
2026-05-21,BBT50,4
2026-05-22,BBT50,3
2026-05-23,BBT50,0
2026-05-24,BBT50,0
2026-05-25,BBT50,3
2026-05-26,BBT50,4
2026-05-27,BBT50,3
2026-05-28,BBT50,3
2026-05-29,BBT50,1
2026-05-30,BBT50,0
2026-05-31,BBT50,1
2026-06-01,BBT50,4
2026-06-02,BBT50,1
2026-06-03,BBT50,6
2026-06-04,BBT50,2
2026-06-05,BBT50,3
2026-06-06,BBT50,1
2026-06-07,BBT50,1
2026-06-08,BBT50,3
2026-06-09,BBT50,5
2026-06-10,BBT50,3
2026-06-11,BBT50,3
2026-06-12,BBT50,1
2026-06-13,BBT50,1
2026-06-14,BBT50,1
2026-06-15,BBT50,2
2026-06-16,BBT50,5
2026-06-17,BBT50,5
2026-06-18,BBT50,2
2026-06-19,BBT50,3
2026-06-20,BBT50,1
2026-06-21,BBT50,1
2026-06-22,BBT50,4
2026-06-23,BBT50,7
2026-06-24,BBT50,3
2026-06-25,BBT50,4
2026-06-26,BBT50,2
2026-06-27,BBT50,0
2026-06-28,BBT50,1
2026-06-29,BBT50,4
2026-06-30,BBT50,3
2026-07-01,BBT50,5
2026-07-02,BBT50,0
2026-07-03,BBT50,3
2026-07-04,BBT50,0
2026-07-05,BBT50,1
2026-07-06,BBT50,5
2026-07-07,BBT50,3
2026-07-08,BBT50,3
2026-07-09,BBT50,2
2026-07-10,BBT50,0
2026-07-11,BBT50,0
2026-07-12,BBT50,2
2026-07-13,BBT50,2
2026-07-14,BBT50,2
2026-07-15,BBT50,3
2026-07-16,BBT50,3
2026-07-17,BBT50,4
2026-07-18,BBT50,0
2026-07-19,BBT50,1
2026-07-20,BBT50,3
2026-07-21,BBT50,3
2026-07-22,BBT50,3
2026-07-23,BBT50,1
2026-07-24,BBT50,5
2026-07-25,BBT50,0
2026-07-26,BBT50,2
2026-07-27,BBT50,3
2026-07-28,BBT50,5
2026-07-29,BBT50,4
2026-07-30,BBT50,6
2026-07-31,BBT50,2
2026-08-01,BBT50,1
2026-08-02,BBT50,1
2026-08-03,BBT50,6
2026-08-04,BBT50,3
2026-08-05,BBT50,1
2026-08-06,BBT50,4
2026-08-07,BBT50,3
2026-08-08,BBT50,0
2026-08-09,BBT50,0
2026-08-10,BBT50,3
2026-08-11,BBT50,3
2026-08-12,BBT50,4
2026-08-13,BBT50,2
2026-08-14,BBT50,3
2026-08-15,BBT50,0
2026-08-16,BBT50,0
2026-08-17,BBT50,4
2026-08-18,BBT50,3
2026-08-19,BBT50,5
2026-08-20,BBT50,3
2026-08-21,BBT50,4
2026-08-22,BBT50,0
2026-08-23,BBT50,0
2026-08-24,BBT50,5
2026-08-25,BBT50,3
2026-08-26,BBT50,4
2026-08-27,BBT50,4
2026-08-28,BBT50,6
2026-08-29,BBT50,0
2026-08-30,BBT50,0
2026-08-31,BBT50,2
2026-09-01,BBT50,2
2026-09-02,BBT50,3
2026-09-03,BBT50,4
2026-09-04,BBT50,3
2026-09-05,BBT50,0
2026-09-06,BBT50,1
2026-09-07,BBT50,2
2026-09-08,BBT50,5
2026-09-09,BBT50,1
2026-09-10,BBT50,1
2026-09-11,BBT50,3
2026-09-12,BBT50,1
2026-09-13,BBT50,0
2026-09-14,BBT50,1
2026-09-15,BBT50,2
2026-09-16,BBT50,9
2026-09-17,BBT50,5
2026-09-18,BBT50,3
2026-09-19,BBT50,0
2026-09-20,BBT50,0
2026-09-21,BBT50,7
2026-09-22,BBT50,3
2026-09-23,BBT50,3
2026-09-24,BBT50,3
2026-09-25,BBT50,3
2026-09-26,BBT50,1
2026-09-27,BBT50,0
2026-04-01,SK40,0
2026-04-02,SK40,5
2026-04-03,SK40,3
2026-04-04,SK40,0
2026-04-05,SK40,0
2026-04-06,SK40,0
2026-04-07,SK40,1
2026-04-08,SK40,4
2026-04-09,SK40,1
2026-04-10,SK40,2
2026-04-11,SK40,1
2026-04-12,SK40,1
2026-04-13,SK40,3
2026-04-14,SK40,1
2026-04-15,SK40,2
2026-04-16,SK40,0
2026-04-17,SK40,1
2026-04-18,SK40,0
2026-04-19,SK40,0
2026-04-20,SK40,0
2026-04-21,SK40,0
2026-04-22,SK40,3
2026-04-23,SK40,1
2026-04-24,SK40,0
2026-04-25,SK40,0
2026-04-26,SK40,2
2026-04-27,SK40,2
2026-04-28,SK40,3
2026-04-29,SK40,2
2026-04-30,SK40,2
2026-05-01,SK40,2
2026-05-02,SK40,1
2026-05-03,SK40,0
2026-05-04,SK40,3
2026-05-05,SK40,1
2026-05-06,SK40,1
2026-05-07,SK40,3
2026-05-08,SK40,3
2026-05-09,SK40,0
2026-05-10,SK40,0
2026-05-11,SK40,2
2026-05-12,SK40,3
2026-05-13,SK40,2
2026-05-14,SK40,0
2026-05-15,SK40,0
2026-05-16,SK40,0
2026-05-17,SK40,4
2026-05-18,SK40,5
2026-05-19,SK40,2
2026-05-20,SK40,0
2026-05-21,SK40,1
2026-05-22,SK40,1
2026-05-23,SK40,0
2026-05-24,SK40,1
2026-05-25,SK40,0
2026-05-26,SK40,5
2026-05-27,SK40,1
2026-05-28,SK40,5
2026-05-29,SK40,0
2026-05-30,SK40,0
2026-05-31,SK40,1
2026-06-01,SK40,4
2026-06-02,SK40,0
2026-06-03,SK40,1
2026-06-04,SK40,2
2026-06-05,SK40,2
2026-06-06,SK40,0
2026-06-07,SK40,0
2026-06-08,SK40,1
2026-06-09,SK40,2
2026-06-10,SK40,2
2026-06-11,SK40,2
2026-06-12,SK40,4
2026-06-13,SK40,0
2026-06-14,SK40,0
2026-06-15,SK40,4
2026-06-16,SK40,3
2026-06-17,SK40,2
2026-06-18,SK40,3
2026-06-19,SK40,0
2026-06-20,SK40,3
2026-06-21,SK40,1
2026-06-22,SK40,1
2026-06-23,SK40,1
2026-06-24,SK40,2
2026-06-25,SK40,1
2026-06-26,SK40,0
2026-06-27,SK40,0
2026-06-28,SK40,1
2026-06-29,SK40,5
2026-06-30,SK40,4
2026-07-01,SK40,1
2026-07-02,SK40,0
2026-07-03,SK40,1
2026-07-04,SK40,0
2026-07-05,SK40,0
2026-07-06,SK40,1
2026-07-07,SK40,4
2026-07-08,SK40,2
2026-07-09,SK40,3
2026-07-10,SK40,1
2026-07-11,SK40,0
2026-07-12,SK40,0
2026-07-13,SK40,2
2026-07-14,SK40,1
2026-07-15,SK40,3
2026-07-16,SK40,1
2026-07-17,SK40,6
2026-07-18,SK40,1
2026-07-19,SK40,0
2026-07-20,SK40,2
2026-07-21,SK40,3
2026-07-22,SK40,2
2026-07-23,SK40,1
2026-07-24,SK40,3
2026-07-25,SK40,1
2026-07-26,SK40,1
2026-07-27,SK40,1
2026-07-28,SK40,3
2026-07-29,SK40,4
2026-07-30,SK40,0
2026-07-31,SK40,3
2026-08-01,SK40,0
2026-08-02,SK40,0
2026-08-03,SK40,2
2026-08-04,SK40,2
2026-08-05,SK40,3
2026-08-06,SK40,3
2026-08-07,SK40,1
2026-08-08,SK40,0
2026-08-09,SK40,0
2026-08-10,SK40,1
2026-08-11,SK40,8
2026-08-12,SK40,0
2026-08-13,SK40,2
2026-08-14,SK40,2
2026-08-15,SK40,0
2026-08-16,SK40,0
2026-08-17,SK40,4
2026-08-18,SK40,2
2026-08-19,SK40,1
2026-08-20,SK40,1
2026-08-21,SK40,0
2026-08-22,SK40,0
2026-08-23,SK40,2
2026-08-24,SK40,3
2026-08-25,SK40,1
2026-08-26,SK40,4
2026-08-27,SK40,2
2026-08-28,SK40,1
2026-08-29,SK40,0
2026-08-30,SK40,1
2026-08-31,SK40,1
2026-09-01,SK40,1
2026-09-02,SK40,7
2026-09-03,SK40,2
2026-09-04,SK40,3
2026-09-05,SK40,1
2026-09-06,SK40,1
2026-09-07,SK40,1
2026-09-08,SK40,0
2026-09-09,SK40,1
2026-09-10,SK40,0
2026-09-11,SK40,0
2026-09-12,SK40,0
2026-09-13,SK40,2
2026-09-14,SK40,1
2026-09-15,SK40,4
2026-09-16,SK40,2
2026-09-17,SK40,3
2026-09-18,SK40,1
2026-09-19,SK40,2
2026-09-20,SK40,0
2026-09-21,SK40,3
2026-09-22,SK40,1
2026-09-23,SK40,2
2026-09-24,SK40,1
2026-09-25,SK40,0
2026-09-26,SK40,0
2026-09-27,SK40,0
2026-04-01,BBT30,2
2026-04-02,BBT30,2
2026-04-03,BBT30,3
2026-04-04,BBT30,0
2026-04-05,BBT30,1
2026-04-06,BBT30,3
2026-04-07,BBT30,3
2026-04-08,BBT30,2
2026-04-09,BBT30,1
2026-04-10,BBT30,2
2026-04-11,BBT30,0
2026-04-12,BBT30,0
2026-04-13,BBT30,0
2026-04-14,BBT30,3
2026-04-15,BBT30,0
2026-04-16,BBT30,1
2026-04-17,BBT30,0
2026-04-18,BBT30,1
2026-04-19,BBT30,1
2026-04-20,BBT30,0
2026-04-21,BBT30,2
2026-04-22,BBT30,1
2026-04-23,BBT30,0
2026-04-24,BBT30,1
2026-04-25,BBT30,0
2026-04-26,BBT30,0
2026-04-27,BBT30,2
2026-04-28,BBT30,1
2026-04-29,BBT30,1
2026-04-30,BBT30,3
2026-05-01,BBT30,0
2026-05-02,BBT30,0
2026-05-03,BBT30,1
2026-05-04,BBT30,1
2026-05-05,BBT30,1
2026-05-06,BBT30,3
2026-05-07,BBT30,2
2026-05-08,BBT30,1
2026-05-09,BBT30,1
2026-05-10,BBT30,1
2026-05-11,BBT30,0
2026-05-12,BBT30,1
2026-05-13,BBT30,3
2026-05-14,BBT30,6
2026-05-15,BBT30,1
2026-05-16,BBT30,1
2026-05-17,BBT30,1
2026-05-18,BBT30,0
2026-05-19,BBT30,3
2026-05-20,BBT30,2
2026-05-21,BBT30,1
2026-05-22,BBT30,2
2026-05-23,BBT30,0
2026-05-24,BBT30,0
2026-05-25,BBT30,4
2026-05-26,BBT30,2
2026-05-27,BBT30,3
2026-05-28,BBT30,2
2026-05-29,BBT30,2
2026-05-30,BBT30,0
2026-05-31,BBT30,1
2026-06-01,BBT30,3
2026-06-02,BBT30,2
2026-06-03,BBT30,3
2026-06-04,BBT30,4
2026-06-05,BBT30,4
2026-06-06,BBT30,0
2026-06-07,BBT30,0
2026-06-08,BBT30,1
2026-06-09,BBT30,3
2026-06-10,BBT30,3
2026-06-11,BBT30,4
2026-06-12,BBT30,3
2026-06-13,BBT30,0
2026-06-14,BBT30,0
2026-06-15,BBT30,1
2026-06-16,BBT30,5
2026-06-17,BBT30,0
2026-06-18,BBT30,3
2026-06-19,BBT30,4
2026-06-20,BBT30,0
2026-06-21,BBT30,1
2026-06-22,BBT30,0
2026-06-23,BBT30,1
2026-06-24,BBT30,1
2026-06-25,BBT30,2
2026-06-26,BBT30,3
2026-06-27,BBT30,0
2026-06-28,BBT30,0
2026-06-29,BBT30,2
2026-06-30,BBT30,4
2026-07-01,BBT30,5
2026-07-02,BBT30,2
2026-07-03,BBT30,1
2026-07-04,BBT30,0
2026-07-05,BBT30,0
2026-07-06,BBT30,2
2026-07-07,BBT30,2
2026-07-08,BBT30,0
2026-07-09,BBT30,0
2026-07-10,BBT30,3
2026-07-11,BBT30,1
2026-07-12,BBT30,1
2026-07-13,BBT30,2
2026-07-14,BBT30,0
2026-07-15,BBT30,2
2026-07-16,BBT30,0
2026-07-17,BBT30,0
2026-07-18,BBT30,0
2026-07-19,BBT30,1
2026-07-20,BBT30,2
2026-07-21,BBT30,3
2026-07-22,BBT30,3
2026-07-23,BBT30,1
2026-07-24,BBT30,8
2026-07-25,BBT30,0
2026-07-26,BBT30,0
2026-07-27,BBT30,1
2026-07-28,BBT30,0
2026-07-29,BBT30,3
2026-07-30,BBT30,0
2026-07-31,BBT30,0
2026-08-01,BBT30,0
2026-08-02,BBT30,0
2026-08-03,BBT30,2
2026-08-04,BBT30,2
2026-08-05,BBT30,4
2026-08-06,BBT30,1
2026-08-07,BBT30,2
2026-08-08,BBT30,0
2026-08-09,BBT30,0
2026-08-10,BBT30,1
2026-08-11,BBT30,2
2026-08-12,BBT30,2
2026-08-13,BBT30,1
2026-08-14,BBT30,2
2026-08-15,BBT30,0
2026-08-16,BBT30,0
2026-08-17,BBT30,0
2026-08-18,BBT30,5
2026-08-19,BBT30,2
2026-08-20,BBT30,4
2026-08-21,BBT30,1
2026-08-22,BBT30,0
2026-08-23,BBT30,0
2026-08-24,BBT30,1
2026-08-25,BBT30,1
2026-08-26,BBT30,2
2026-08-27,BBT30,0
2026-08-28,BBT30,4
2026-08-29,BBT30,0
2026-08-30,BBT30,1
2026-08-31,BBT30,1
2026-09-01,BBT30,6
2026-09-02,BBT30,3
2026-09-03,BBT30,4
2026-09-04,BBT30,1
2026-09-05,BBT30,0
2026-09-06,BBT30,0
2026-09-07,BBT30,5
2026-09-08,BBT30,1
2026-09-09,BBT30,5
2026-09-10,BBT30,3
2026-09-11,BBT30,3
2026-09-12,BBT30,0
2026-09-13,BBT30,0
2026-09-14,BBT30,1
2026-09-15,BBT30,0
2026-09-16,BBT30,3
2026-09-17,BBT30,3
2026-09-18,BBT30,0
2026-09-19,BBT30,2
2026-09-20,BBT30,1
2026-09-21,BBT30,4
2026-09-22,BBT30,2
2026-09-23,BBT30,1
2026-09-24,BBT30,1
2026-09-25,BBT30,0
2026-09-26,BBT30,1
2026-09-27,BBT30,1
2026-04-01,CAPTO,3
2026-04-02,CAPTO,3
2026-04-03,CAPTO,1
2026-04-04,CAPTO,0
2026-04-05,CAPTO,1
2026-04-06,CAPTO,1
2026-04-07,CAPTO,1
2026-04-08,CAPTO,1
2026-04-09,CAPTO,1
2026-04-10,CAPTO,2
2026-04-11,CAPTO,0
2026-04-12,CAPTO,1
2026-04-13,CAPTO,2
2026-04-14,CAPTO,3
2026-04-15,CAPTO,3
2026-04-16,CAPTO,1
2026-04-17,CAPTO,1
2026-04-18,CAPTO,1
2026-04-19,CAPTO,1
2026-04-20,CAPTO,1
2026-04-21,CAPTO,1
2026-04-22,CAPTO,1
2026-04-23,CAPTO,0
2026-04-24,CAPTO,4
2026-04-25,CAPTO,1
2026-04-26,CAPTO,0
2026-04-27,CAPTO,1
2026-04-28,CAPTO,4
2026-04-29,CAPTO,3
2026-04-30,CAPTO,0
2026-05-01,CAPTO,4
2026-05-02,CAPTO,1
2026-05-03,CAPTO,0
2026-05-04,CAPTO,2
2026-05-05,CAPTO,1
2026-05-06,CAPTO,2
2026-05-07,CAPTO,3
2026-05-08,CAPTO,2
2026-05-09,CAPTO,0
2026-05-10,CAPTO,1
2026-05-11,CAPTO,2
2026-05-12,CAPTO,2
2026-05-13,CAPTO,4
2026-05-14,CAPTO,1
2026-05-15,CAPTO,2
2026-05-16,CAPTO,0
2026-05-17,CAPTO,0
2026-05-18,CAPTO,1
2026-05-19,CAPTO,3
2026-05-20,CAPTO,1
2026-05-21,CAPTO,0
2026-05-22,CAPTO,2
2026-05-23,CAPTO,2
2026-05-24,CAPTO,1
2026-05-25,CAPTO,1
2026-05-26,CAPTO,3
2026-05-27,CAPTO,2
2026-05-28,CAPTO,4
2026-05-29,CAPTO,5
2026-05-30,CAPTO,0
2026-05-31,CAPTO,0
2026-06-01,CAPTO,6
2026-06-02,CAPTO,0
2026-06-03,CAPTO,4
2026-06-04,CAPTO,2
2026-06-05,CAPTO,3
2026-06-06,CAPTO,1
2026-06-07,CAPTO,0
2026-06-08,CAPTO,1
2026-06-09,CAPTO,5
2026-06-10,CAPTO,3
2026-06-11,CAPTO,5
2026-06-12,CAPTO,1
2026-06-13,CAPTO,0
2026-06-14,CAPTO,0
2026-06-15,CAPTO,3
2026-06-16,CAPTO,4
2026-06-17,CAPTO,2
2026-06-18,CAPTO,3
2026-06-19,CAPTO,1
2026-06-20,CAPTO,1
2026-06-21,CAPTO,1
2026-06-22,CAPTO,3
2026-06-23,CAPTO,3
2026-06-24,CAPTO,4
2026-06-25,CAPTO,3
2026-06-26,CAPTO,3
2026-06-27,CAPTO,0
2026-06-28,CAPTO,0
2026-06-29,CAPTO,3
2026-06-30,CAPTO,2
2026-07-01,CAPTO,3
2026-07-02,CAPTO,3
2026-07-03,CAPTO,3
2026-07-04,CAPTO,1
2026-07-05,CAPTO,1
2026-07-06,CAPTO,1
2026-07-07,CAPTO,4
2026-07-08,CAPTO,5
2026-07-09,CAPTO,2
2026-07-10,CAPTO,0
2026-07-11,CAPTO,0
2026-07-12,CAPTO,0
2026-07-13,CAPTO,1
2026-07-14,CAPTO,1
2026-07-15,CAPTO,0
2026-07-16,CAPTO,1
2026-07-17,CAPTO,1
2026-07-18,CAPTO,0
2026-07-19,CAPTO,0
2026-07-20,CAPTO,2
2026-07-21,CAPTO,2
2026-07-22,CAPTO,3
2026-07-23,CAPTO,4
2026-07-24,CAPTO,0
2026-07-25,CAPTO,0
2026-07-26,CAPTO,0
2026-07-27,CAPTO,4
2026-07-28,CAPTO,4
2026-07-29,CAPTO,1
2026-07-30,CAPTO,2
2026-07-31,CAPTO,2
2026-08-01,CAPTO,2
2026-08-02,CAPTO,1
2026-08-03,CAPTO,1
2026-08-04,CAPTO,1
2026-08-05,CAPTO,2
2026-08-06,CAPTO,1
2026-08-07,CAPTO,3
2026-08-08,CAPTO,0
2026-08-09,CAPTO,0
2026-08-10,CAPTO,2
2026-08-11,CAPTO,7
2026-08-12,CAPTO,3
2026-08-13,CAPTO,2
2026-08-14,CAPTO,1
2026-08-15,CAPTO,0
2026-08-16,CAPTO,1
2026-08-17,CAPTO,1
2026-08-18,CAPTO,5
2026-08-19,CAPTO,2
2026-08-20,CAPTO,2
2026-08-21,CAPTO,5
2026-08-22,CAPTO,0
2026-08-23,CAPTO,1
2026-08-24,CAPTO,2
2026-08-25,CAPTO,1
2026-08-26,CAPTO,2
2026-08-27,CAPTO,0
2026-08-28,CAPTO,1
2026-08-29,CAPTO,0
2026-08-30,CAPTO,2
2026-08-31,CAPTO,1
2026-09-01,CAPTO,0
2026-09-02,CAPTO,2
2026-09-03,CAPTO,2
2026-09-04,CAPTO,2
2026-09-05,CAPTO,0
2026-09-06,CAPTO,0
2026-09-07,CAPTO,1
2026-09-08,CAPTO,1
2026-09-09,CAPTO,0
2026-09-10,CAPTO,0
2026-09-11,CAPTO,2
2026-09-12,CAPTO,2
2026-09-13,CAPTO,1
2026-09-14,CAPTO,0
2026-09-15,CAPTO,4
2026-09-16,CAPTO,1
2026-09-17,CAPTO,0
2026-09-18,CAPTO,1
2026-09-19,CAPTO,3
2026-09-20,CAPTO,0
2026-09-21,CAPTO,3
2026-09-22,CAPTO,2
2026-09-23,CAPTO,0
2026-09-24,CAPTO,3
2026-09-25,CAPTO,2
2026-09-26,CAPTO,0
2026-09-27,CAPTO,0
