diameter_mm,length_mm,flute_count,material,coating,aspect_ratio,family_code
12.57,33.2,2,Kobalt,Kaplamasız,2.642,TP
2.98,20.4,3,Karbür,Kaplamasız,6.854,DR
43.99,180.3,0,Kobalt,DLC,4.097,HL
48.25,167.1,0,HSS,TiN,3.463,HL
14.7,110.7,3,Karbür,TiN,7.532,DR
12.65,79.6,2,Karbür,TiN,6.288,DR
10.35,62.0,6,Kobalt,Kaplamasız,5.988,EM
15.97,80.3,3,Karbür,DLC,5.027,TP
14.15,32.8,4,Kobalt,TiN,2.316,DW
14.1,84.3,3,HSS,TiN,5.978,EB
4.71,36.9,4,Kobalt,TiN,7.834,DR
13.11,64.4,4,Kobalt,DLC,4.912,DR
18.89,62.7,3,HSS,TiN,3.319,DW
18.78,70.1,0,Karbür,Kaplamasız,3.733,HL
18.73,114.6,2,Karbür,TiN,6.12,ER
13.7,42.4,2,Karbür,TiAlN,3.094,EM
9.87,21.0,6,Kobalt,DLC,2.131,PT
34.25,92.8,0,HSS,TiAlN,2.709,HL
4.58,18.9,4,HSS,TiN,4.118,TP
16.48,91.7,3,Karbür,TiN,5.567,RM
5.52,19.0,6,Kobalt,Kaplamasız,3.439,PT
15.69,122.4,4,Kobalt,DLC,7.803,DR
6.07,32.3,6,Karbür,DLC,5.313,RM
17.15,98.5,4,Kobalt,TiN,5.743,EB
20.62,75.4,2,Kobalt,TiAlN,3.654,DW
2.1,8.0,2,Kobalt,DLC,3.812,DR
4.85,31.2,2,Karbür,TiN,6.442,EB
20.05,63.1,0,HSS,TiAlN,3.146,HL
17.26,58.5,2,HSS,TiN,3.389,ER
6.52,26.5,4,Karbür,TiAlN,4.062,TP
12.5,32.3,2,Karbür,DLC,2.585,TM
5.27,22.1,4,Karbür,Kaplamasız,4.199,RM
19.27,72.1,4,Kobalt,TiN,3.741,EM
9.16,20.1,2,Karbür,TiAlN,2.2,DW
47.73,169.0,0,Kobalt,DLC,3.54,HL
12.81,26.3,6,Karbür,TiN,2.055,TM
12.87,36.6,4,HSS,TiN,2.843,PT
19.02,49.1,2,Kobalt,DLC,2.584,DW
3.07,8.4,6,HSS,TiN,2.726,EM
9.75,37.4,2,Karbür,TiAlN,3.84,DW
6.44,22.7,6,Karbür,DLC,3.525,PT
14.79,51.2,3,Karbür,Kaplamasız,3.458,EB
17.58,98.4,3,Kobalt,DLC,5.597,ER
19.82,26.1,4,Karbür,Kaplamasız,1.318,TM
13.58,59.8,6,Kobalt,TiAlN,4.402,RM
6.64,19.4,2,HSS,Kaplamasız,2.925,PT
15.1,27.3,2,Kobalt,Kaplamasız,1.805,PT
17.46,54.0,2,Kobalt,TiAlN,3.093,DW
12.04,35.7,2,HSS,DLC,2.968,DW
25.03,75.9,0,Kobalt,Kaplamasız,3.034,HL
22.4,76.1,3,HSS,TiAlN,3.398,DW
16.26,54.8,0,HSS,Kaplamasız,3.37,HL
14.94,44.8,4,Kobalt,Kaplamasız,3.001,DW
18.69,145.8,6,Kobalt,TiAlN,7.803,DR
10.97,61.0,3,Karbür,TiN,5.555,RM
39.41,56.2,2,Kobalt,DLC,1.427,TM
12.67,51.6,6,HSS,DLC,4.072,EB
32.54,78.9,2,HSS,DLC,2.425,TM
4.14,22.6,6,Karbür,TiN,5.443,EB
18.37,98.5,3,Karbür,DLC,5.361,ER
11.08,37.6,2,Kobalt,Kaplamasız,3.393,ER
10.98,23.4,2,Karbür,TiN,2.127,PT
19.59,46.9,6,HSS,Kaplamasız,2.392,TM
40.49,99.0,0,HSS,DLC,2.445,HL
11.9,67.7,3,Karbür,TiN,5.692,ER
14.26,86.6,3,Karbür,DLC,6.077,EB
4.98,16.6,4,Kobalt,TiAlN,3.339,ER
23.72,139.5,2,Karbür,Kaplamasız,5.881,ER
20.71,47.1,0,Karbür,TiAlN,2.272,HL
9.99,27.1,3,HSS,DLC,2.714,DW
19.75,47.8,6,Karbür,Kaplamasız,2.418,TM
4.49,34.7,6,Kobalt,TiN,7.723,DR
43.01,156.8,0,Karbür,Kaplamasız,3.646,HL
10.01,25.8,4,HSS,Kaplamasız,2.58,DW
43.82,107.3,0,HSS,TiAlN,2.449,HL
7.07,40.2,2,Kobalt,TiN,5.681,TP
19.91,45.9,0,HSS,DLC,2.304,HL
10.26,45.0,4,Kobalt,DLC,4.387,DR
19.9,46.0,0,Karbür,TiN,2.309,HL
14.82,81.3,4,Kobalt,TiN,5.486,EM
3.42,8.0,2,Karbür,TiAlN,2.341,TP
13.25,110.9,3,HSS,Kaplamasız,8.369,DR
11.35,63.9,3,Kobalt,Kaplamasız,5.632,EM
13.28,63.7,6,HSS,TiN,4.799,DR
44.06,147.4,0,Kobalt,TiAlN,3.345,HL
10.87,51.4,6,Kobalt,TiN,4.724,TP
4.44,31.4,3,Karbür,DLC,7.074,DR
3.12,18.2,2,Kobalt,TiAlN,5.828,TP
24.92,66.9,3,HSS,TiAlN,2.683,DW
41.95,130.1,0,HSS,Kaplamasız,3.102,HL
19.08,89.9,4,Kobalt,DLC,4.713,RM
10.3,70.6,2,Kobalt,TiAlN,6.851,DR
14.7,53.0,4,Kobalt,TiN,3.605,TP
11.04,25.2,3,HSS,Kaplamasız,2.278,DW
21.82,54.6,2,Kobalt,TiAlN,2.501,TM
11.64,26.1,4,Karbür,TiN,2.242,PT
20.73,74.4,4,Karbür,Kaplamasız,3.587,ER
5.32,13.3,4,Kobalt,TiN,2.496,PT
20.61,76.7,4,HSS,TiN,3.72,DW
9.21,43.8,6,Kobalt,TiN,4.753,RM
16.04,101.6,4,Kobalt,TiAlN,6.336,RM
11.43,33.5,4,Karbür,Kaplamasız,2.933,DW
12.35,70.5,6,HSS,TiN,5.707,RM
17.69,97.3,4,Kobalt,TiN,5.499,ER
24.03,106.7,6,Kobalt,DLC,4.441,EM
19.25,31.5,2,HSS,Kaplamasız,1.635,TM
21.05,47.7,3,Karbür,Kaplamasız,2.265,DW
17.35,59.2,6,Kobalt,TiAlN,3.413,ER
5.65,26.5,2,Karbür,DLC,4.696,EM
11.65,42.6,3,HSS,DLC,3.66,EM
15.33,75.0,3,HSS,Kaplamasız,4.895,EB
15.93,63.8,4,Kobalt,TiN,4.001,TP
22.01,112.4,2,Karbür,DLC,5.106,EM
31.13,65.0,0,Kobalt,DLC,2.088,HL
11.48,78.2,2,HSS,TiAlN,6.807,RM
21.31,73.7,6,HSS,TiN,3.458,ER
11.42,37.1,3,HSS,TiN,3.246,DW
12.45,60.7,6,Kobalt,DLC,4.875,EM
42.31,151.5,0,HSS,DLC,3.582,HL
15.82,92.7,3,HSS,Kaplamasız,5.857,EB
3.44,10.1,6,HSS,TiN,2.926,EB
48.54,125.7,0,Kobalt,TiN,2.589,HL
9.25,18.2,3,Kobalt,DLC,1.963,DW
23.54,109.3,3,Karbür,DLC,4.642,ER
11.69,50.9,6,Karbür,DLC,4.356,DR
10.9,61.6,6,Karbür,TiN,5.658,ER
12.3,38.7,6,Karbür,TiN,3.146,TP
46.76,93.4,0,Karbür,Kaplamasız,1.998,HL
9.29,40.9,4,Karbür,TiN,4.396,EM
21.16,73.7,0,Kobalt,Kaplamasız,3.483,HL
9.12,36.8,6,HSS,DLC,4.033,EM
7.7,37.1,3,HSS,DLC,4.821,RM
21.68,34.4,3,Karbür,TiN,1.585,TM
22.93,123.6,2,HSS,TiN,5.388,ER
21.45,83.7,4,HSS,DLC,3.9,DW
17.05,87.7,3,Karbür,Kaplamasız,5.147,EM
11.15,50.4,4,Kobalt,Kaplamasız,4.524,RM
4.63,14.2,6,HSS,TiN,3.075,EM
3.38,28.5,3,Kobalt,Kaplamasız,8.442,DR
12.87,63.6,2,Kobalt,DLC,4.939,TP
18.4,90.9,4,HSS,TiN,4.938,EB
15.21,87.7,6,Karbür,Kaplamasız,5.765,ER
12.54,66.0,2,HSS,DLC,5.266,EB
12.92,92.5,3,HSS,TiAlN,7.158,RM
17.15,88.4,4,Kobalt,TiN,5.154,EB
5.16,16.0,4,Kobalt,DLC,3.108,PT
11.14,55.9,2,HSS,TiAlN,5.021,RM
14.2,68.6,3,Kobalt,DLC,4.826,TP
3.62,18.5,4,HSS,Kaplamasız,5.11,EB
5.93,19.3,4,Kobalt,TiAlN,3.26,EM
19.04,80.8,3,Kobalt,TiN,4.245,RM
19.03,145.1,4,Kobalt,TiN,7.624,DR
6.38,20.9,3,Kobalt,TiAlN,3.282,DW
27.38,31.4,6,Karbür,TiAlN,1.145,TM
8.46,8.0,2,Karbür,DLC,0.945,TM
9.07,8.7,2,Karbür,TiAlN,0.959,PT
6.15,8.7,2,Karbür,TiAlN,1.409,PT
39.32,37.3,2,HSS,Kaplamasız,0.948,TM
16.39,53.0,0,Kobalt,Kaplamasız,3.234,HL
17.28,114.5,6,Kobalt,Kaplamasız,6.629,EB
20.23,46.8,2,HSS,Kaplamasız,2.313,TM
22.71,67.0,0,Kobalt,TiAlN,2.949,HL
23.55,84.3,6,Kobalt,DLC,3.58,ER
15.47,63.3,6,HSS,TiN,4.095,TP
9.68,40.0,4,Kobalt,TiN,4.136,TP
13.44,22.4,6,HSS,TiAlN,1.668,PT
22.69,101.0,4,Kobalt,Kaplamasız,4.453,EM
21.58,57.4,4,Kobalt,Kaplamasız,2.659,TM
5.16,9.1,4,Karbür,DLC,1.764,TP
22.43,139.8,6,Kobalt,DLC,6.234,EM
8.68,28.6,6,HSS,Kaplamasız,3.291,PT
13.65,73.4,3,Karbür,Kaplamasız,5.373,ER
9.33,16.8,2,HSS,Kaplamasız,1.803,TM
7.2,46.5,2,Kobalt,Kaplamasız,6.46,ER
14.5,48.3,3,HSS,Kaplamasız,3.33,DW
16.01,64.6,3,Kobalt,TiN,4.036,RM
29.93,75.8,0,HSS,DLC,2.533,HL
8.54,63.9,2,HSS,TiAlN,7.479,DR
10.65,73.2,2,Kobalt,TiN,6.871,DR
21.07,71.3,3,HSS,Kaplamasız,3.384,EM
16.51,53.4,0,Karbür,Kaplamasız,3.235,HL
15.03,45.9,2,Kobalt,DLC,3.055,DW
14.19,83.4,6,Kobalt,DLC,5.879,EM
24.65,57.7,2,HSS,DLC,2.343,DW
13.78,64.6,2,Kobalt,TiN,4.686,TP
18.19,56.7,0,HSS,DLC,3.12,HL
34.25,70.2,3,Karbür,TiAlN,2.05,TM
7.29,48.3,2,HSS,TiAlN,6.622,RM
21.63,56.4,4,Kobalt,DLC,2.606,DW
27.97,65.9,3,HSS,TiN,2.357,TM
6.62,26.7,3,Karbür,TiAlN,4.037,EM
5.32,40.4,3,Kobalt,Kaplamasız,7.608,DR
11.15,69.6,2,HSS,Kaplamasız,6.238,RM
24.43,83.5,3,Karbür,TiAlN,3.418,EM
15.43,34.6,3,Kobalt,TiAlN,2.243,DW
16.13,81.1,3,Karbür,TiN,5.029,EM
8.95,75.1,4,Kobalt,Kaplamasız,8.387,DR
7.2,38.0,4,Karbür,TiAlN,5.278,DR
11.27,45.3,2,HSS,DLC,4.016,DW
14.52,88.4,3,HSS,TiAlN,6.089,EB
36.67,67.9,2,Kobalt,TiN,1.851,TM
21.54,82.0,4,HSS,TiAlN,3.805,ER
14.18,27.4,3,Kobalt,TiN,1.933,PT
20.32,49.4,3,Karbür,Kaplamasız,2.43,DW
12.59,62.0,2,HSS,TiN,4.923,TP
15.37,69.8,4,Kobalt,TiN,4.543,ER
10.96,46.1,4,HSS,TiN,4.208,EB
9.52,26.8,6,Karbür,TiN,2.815,DW
10.52,47.1,4,Karbür,TiN,4.479,ER
14.57,33.5,6,Kobalt,TiN,2.299,DW
13.67,69.9,2,HSS,DLC,5.11,EB
14.28,65.7,3,HSS,TiAlN,4.603,TP
12.77,51.6,6,HSS,DLC,4.042,RM
7.02,56.1,3,Kobalt,DLC,7.991,DR
19.44,38.8,6,Karbür,Kaplamasız,1.996,TM
3.43,23.5,3,Kobalt,TiN,6.853,EM
6.76,22.4,2,Kobalt,Kaplamasız,3.318,EM
19.27,59.1,3,HSS,TiAlN,3.066,EM
7.3,43.4,3,Kobalt,TiAlN,5.943,EM
14.15,28.3,6,Kobalt,Kaplamasız,1.999,PT
11.05,49.5,6,HSS,Kaplamasız,4.482,DW
6.01,43.7,3,Karbür,TiAlN,7.269,EB
12.2,79.8,6,HSS,TiAlN,6.538,RM
10.45,24.7,6,HSS,TiAlN,2.361,PT
15.02,21.4,2,HSS,TiAlN,1.424,TM
13.27,77.2,4,Karbür,DLC,5.82,ER
15.36,54.3,4,Karbür,TiN,3.536,TP
30.59,72.1,0,Karbür,TiN,2.357,HL
21.14,117.2,6,Kobalt,TiAlN,5.543,ER
28.78,84.5,0,HSS,DLC,2.936,HL
16.07,68.3,2,Kobalt,Kaplamasız,4.253,RM
13.32,87.7,6,Karbür,TiAlN,6.583,DR
17.45,70.5,3,Kobalt,DLC,4.041,RM
20.54,92.5,4,HSS,Kaplamasız,4.503,EM
5.41,8.5,2,Kobalt,Kaplamasız,1.578,PT
8.31,36.8,2,Karbür,Kaplamasız,4.434,DR
10.92,51.2,3,Karbür,Kaplamasız,4.689,EM
14.37,37.3,3,Kobalt,DLC,2.598,PT
11.34,57.7,4,Karbür,DLC,5.087,EB
8.37,20.9,6,Kobalt,Kaplamasız,2.499,PT
9.07,20.0,6,Karbür,TiAlN,2.2,PT
6.36,13.2,3,Karbür,DLC,2.069,PT
10.59,58.1,4,Karbür,TiAlN,5.484,EB
9.91,24.5,3,Kobalt,DLC,2.467,TM
19.63,66.6,3,HSS,Kaplamasız,3.391,EM
9.62,25.3,4,Kobalt,TiAlN,2.627,TM
7.22,16.3,6,HSS,Kaplamasız,2.256,PT
8.31,38.4,6,HSS,TiAlN,4.618,EM
14.65,87.7,2,HSS,DLC,5.984,EB
13.15,37.5,3,HSS,Kaplamasız,2.85,DW
23.52,78.4,6,HSS,DLC,3.334,DW
12.76,82.4,2,Kobalt,DLC,6.458,EB
14.16,102.9,3,Karbür,TiAlN,7.267,RM
3.16,9.2,2,Karbür,TiN,2.906,TP
12.53,66.7,4,Karbür,TiAlN,5.324,ER
12.63,77.7,4,Karbür,TiAlN,6.15,DR
8.31,21.5,6,Karbür,DLC,2.588,DW
8.9,54.8,6,Kobalt,TiN,6.155,EB
15.0,116.3,2,Karbür,Kaplamasız,7.756,DR
11.82,41.0,6,Karbür,DLC,3.469,TP
7.54,51.7,4,HSS,TiN,6.86,EM
21.24,46.0,3,HSS,TiAlN,2.167,DW
3.74,20.2,4,Karbür,TiN,5.406,EB
6.05,15.8,4,HSS,TiN,2.616,DW
28.82,76.7,0,HSS,TiN,2.662,HL
18.13,93.3,4,Karbür,TiAlN,5.147,RM
24.93,71.3,6,Karbür,Kaplamasız,2.861,ER
24.54,83.3,0,HSS,TiAlN,3.396,HL
11.35,31.8,3,HSS,TiAlN,2.8,DW
4.61,23.5,4,Karbür,DLC,5.086,EM
38.2,53.0,4,Kobalt,TiAlN,1.388,TM
14.38,41.7,3,HSS,Kaplamasız,2.898,EM
8.49,55.0,4,Kobalt,DLC,6.472,EB
14.31,12.8,2,Kobalt,Kaplamasız,0.895,TM
19.91,53.0,3,Karbür,TiAlN,2.66,DW
24.71,43.4,3,Kobalt,TiN,1.756,TM
37.92,67.2,4,Karbür,TiAlN,1.771,TM
16.73,124.8,3,Karbür,DLC,7.459,RM
9.14,39.5,4,Kobalt,TiAlN,4.317,TP
12.14,23.7,6,Kobalt,TiAlN,1.951,TM
10.04,59.1,2,Karbür,DLC,5.889,RM
4.83,19.1,2,Kobalt,TiN,3.946,TP
9.16,61.0,6,Karbür,DLC,6.656,RM
13.96,80.3,4,HSS,TiN,5.748,DR
21.95,93.0,2,Kobalt,Kaplamasız,4.237,EM
6.66,16.7,2,HSS,TiAlN,2.506,PT
7.69,47.8,3,Karbür,Kaplamasız,6.216,RM
21.86,41.3,2,HSS,Kaplamasız,1.89,DW
12.17,60.7,6,Kobalt,TiN,4.983,EM
13.0,30.4,3,Kobalt,TiAlN,2.339,PT
17.65,98.9,2,Kobalt,Kaplamasız,5.606,ER
19.33,74.7,4,HSS,DLC,3.864,ER
24.33,140.6,6,HSS,TiAlN,5.776,EM
15.26,49.9,6,Kobalt,DLC,3.269,TP
19.82,54.5,4,HSS,Kaplamasız,2.749,DW
9.72,51.7,3,HSS,Kaplamasız,5.321,TP
21.84,124.9,3,HSS,DLC,5.718,EM
13.47,86.0,3,HSS,DLC,6.385,RM
12.72,27.7,4,Karbür,TiN,2.181,TM
10.08,23.5,4,HSS,Kaplamasız,2.336,PT
2.03,10.0,2,Kobalt,TiAlN,4.9,DR
5.57,19.0,6,HSS,DLC,3.415,TP
8.51,40.0,2,Kobalt,Kaplamasız,4.695,EB
14.31,36.6,3,Kobalt,TiAlN,2.556,TM
5.49,29.7,3,HSS,DLC,5.419,ER
13.89,35.4,6,Karbür,TiAlN,2.549,PT
7.76,24.3,2,Kobalt,DLC,3.133,PT
12.82,39.2,4,HSS,DLC,3.057,EB
11.04,63.5,4,Kobalt,Kaplamasız,5.75,RM
13.12,80.3,6,Kobalt,Kaplamasız,6.121,RM
13.07,62.7,2,Kobalt,TiN,4.799,TP
22.28,124.2,3,Kobalt,Kaplamasız,5.574,EM
5.28,23.9,6,HSS,TiN,4.524,EB
5.66,35.0,4,HSS,TiAlN,6.185,DR
8.13,37.0,4,Karbür,TiN,4.556,RM
8.11,44.1,6,Kobalt,TiN,5.441,EB
23.23,72.8,6,HSS,TiAlN,3.133,DW
17.33,70.7,2,HSS,DLC,4.083,RM
24.14,112.1,2,HSS,Kaplamasız,4.646,ER
10.04,66.2,6,HSS,TiAlN,6.596,DR
16.44,77.2,2,Karbür,TiN,4.696,EB
19.22,99.7,3,Karbür,DLC,5.187,EM
29.06,56.5,2,HSS,TiN,1.944,TM
6.81,41.4,4,HSS,TiN,6.082,RM
8.35,20.0,4,Kobalt,TiN,2.401,PT
33.38,46.3,6,Kobalt,TiN,1.389,TM
6.01,27.6,3,HSS,TiN,4.594,EB
6.11,32.2,3,HSS,DLC,5.28,ER
5.14,20.0,4,Karbür,TiN,3.891,EB
40.75,139.1,0,HSS,TiAlN,3.414,HL
33.0,57.5,2,HSS,TiAlN,1.743,TM
19.79,62.2,2,Karbür,Kaplamasız,3.142,DW
15.13,117.6,2,Karbür,TiN,7.773,DR
9.63,19.8,6,Karbür,DLC,2.053,PT
16.32,99.9,6,HSS,TiN,6.123,EB
14.45,46.7,6,Kobalt,Kaplamasız,3.234,ER
22.12,29.6,2,Karbür,TiN,1.34,TM
14.62,101.4,4,Karbür,TiN,6.937,RM
21.3,30.4,6,HSS,DLC,1.429,TM
6.69,15.5,2,Karbür,DLC,2.312,PT
17.76,70.3,2,Karbür,TiN,3.956,ER
8.27,24.1,6,HSS,Kaplamasız,2.908,TP
8.93,29.5,2,HSS,TiAlN,3.308,EB
12.05,53.2,2,HSS,DLC,4.415,RM
38.96,93.9,6,Karbür,Kaplamasız,2.41,TM
18.89,72.2,4,Kobalt,TiN,3.824,ER
6.14,26.3,2,HSS,TiN,4.291,ER
23.43,100.3,4,Karbür,TiAlN,4.278,ER
9.05,56.9,4,Kobalt,DLC,6.283,EB
22.62,73.7,3,Karbür,Kaplamasız,3.259,DW
19.3,85.0,6,HSS,TiN,4.402,EB
19.94,46.9,3,Kobalt,TiAlN,2.351,DW
13.11,67.1,6,Kobalt,TiN,5.118,EB
19.33,41.5,4,HSS,TiN,2.146,DW
3.36,22.6,6,Kobalt,TiN,6.727,DR
38.73,94.1,0,Karbür,DLC,2.43,HL
6.35,27.4,2,Karbür,TiAlN,4.316,ER
42.81,172.5,0,Karbür,TiN,4.03,HL
5.17,8.0,3,HSS,Kaplamasız,1.548,PT
30.04,108.6,0,HSS,TiN,3.616,HL
15.5,71.1,4,HSS,Kaplamasız,4.585,EM
37.52,90.5,4,Kobalt,TiAlN,2.411,TM
6.99,37.4,2,Karbür,TiN,5.359,EB
15.08,31.8,2,Kobalt,TiN,2.107,PT
17.76,93.7,4,Kobalt,TiN,5.278,EM
4.03,12.1,2,Kobalt,TiAlN,2.998,TP
32.79,68.5,6,HSS,TiN,2.088,TM
16.56,113.7,3,HSS,TiAlN,6.866,RM
8.28,24.6,6,Kobalt,DLC,2.975,EB
18.35,55.1,0,Karbür,Kaplamasız,3.002,HL
17.92,76.3,4,Kobalt,TiN,4.259,RM
14.35,54.3,4,HSS,Kaplamasız,3.787,EB
19.29,112.4,3,HSS,TiN,5.829,EB
10.06,50.8,2,HSS,TiN,5.054,TP
5.65,18.2,6,HSS,Kaplamasız,3.231,TP
3.23,23.2,6,HSS,TiAlN,7.204,ER
12.07,68.1,2,HSS,DLC,5.64,RM
42.46,112.6,0,Kobalt,DLC,2.652,HL
19.52,77.6,3,Karbür,DLC,3.977,EM
6.41,22.2,2,Kobalt,TiN,3.46,TP
22.6,54.3,0,HSS,Kaplamasız,2.401,HL
42.22,159.3,0,Kobalt,TiN,3.772,HL
9.71,44.1,6,Karbür,DLC,4.542,EM
24.29,150.7,3,HSS,TiN,6.203,ER
4.71,24.1,6,Karbür,DLC,5.122,EB
4.17,19.9,4,Kobalt,DLC,4.775,DR
33.3,56.6,4,HSS,DLC,1.701,TM
22.71,74.9,3,Kobalt,TiN,3.296,ER
3.45,16.5,3,Karbür,TiAlN,4.793,TP
23.95,87.4,0,Kobalt,TiN,3.648,HL
12.91,78.3,3,Kobalt,TiN,6.067,RM
6.21,14.7,6,HSS,DLC,2.365,PT
9.28,35.3,3,Kobalt,Kaplamasız,3.806,DW
4.46,14.6,3,Kobalt,DLC,3.274,TP
12.18,29.5,4,HSS,DLC,2.423,DW
9.25,54.5,2,HSS,DLC,5.898,EB
14.56,55.5,3,Karbür,TiAlN,3.814,DW
22.48,104.3,3,Karbür,DLC,4.641,EM
17.79,47.2,0,HSS,TiAlN,2.65,HL
15.86,69.4,4,Karbür,Kaplamasız,4.375,RM
10.43,40.3,6,Karbür,TiAlN,3.86,TP
27.84,73.3,0,Kobalt,DLC,2.633,HL
13.69,76.2,4,HSS,Kaplamasız,5.565,RM
5.76,34.8,2,Kobalt,DLC,6.042,RM
6.56,23.9,3,HSS,DLC,3.646,EB
8.31,32.1,4,Kobalt,DLC,3.861,EM
7.67,37.3,4,Kobalt,DLC,4.866,ER
10.33,68.6,4,Kobalt,DLC,6.644,RM
10.56,28.1,4,HSS,DLC,2.66,DW
29.11,88.4,0,Kobalt,TiAlN,3.038,HL
18.08,87.9,3,Kobalt,DLC,4.86,DR
13.88,46.6,2,Karbür,TiAlN,3.359,DW
10.02,50.1,6,Karbür,TiN,4.997,TP
13.26,45.9,6,HSS,TiN,3.46,DW
8.27,35.1,6,Karbür,Kaplamasız,4.243,TP
9.64,56.8,2,HSS,TiAlN,5.893,EB
5.39,21.1,4,Kobalt,DLC,3.914,TP
12.2,23.2,6,Kobalt,TiN,1.906,PT
10.2,51.9,4,HSS,TiAlN,5.086,EM
10.95,50.8,4,Karbür,DLC,4.638,DW
42.79,120.2,0,HSS,DLC,2.811,HL
9.5,48.7,4,HSS,TiN,5.128,RM
4.66,13.8,2,Kobalt,TiAlN,2.965,EB
13.42,55.1,4,Karbür,TiN,4.102,TP
9.26,43.1,3,HSS,Kaplamasız,4.652,RM
11.81,69.2,2,Kobalt,TiN,5.861,DR
6.02,12.1,4,HSS,DLC,2.007,PT
20.48,21.1,6,HSS,Kaplamasız,1.029,TM
19.28,121.0,3,HSS,TiN,6.276,EB
18.59,28.2,2,Kobalt,TiN,1.518,TM
22.23,57.2,3,Karbür,TiN,2.572,DW
24.47,107.5,6,HSS,Kaplamasız,4.394,ER
9.58,43.4,4,Karbür,Kaplamasız,4.531,DR
31.43,35.3,2,Karbür,TiAlN,1.123,TM
7.59,13.3,6,Kobalt,DLC,1.747,PT
24.98,109.7,6,HSS,DLC,4.391,ER
13.01,60.2,4,Kobalt,Kaplamasız,4.626,EB
9.31,12.5,2,Kobalt,DLC,1.339,PT
31.01,90.6,0,Karbür,TiAlN,2.923,HL
24.34,127.9,6,Karbür,DLC,5.253,EM
15.93,83.8,6,Karbür,DLC,5.259,EM
6.96,24.1,4,HSS,Kaplamasız,3.464,RM
7.19,39.4,6,HSS,DLC,5.478,ER
10.8,44.2,3,Karbür,TiN,4.097,TP
34.28,112.7,0,Kobalt,TiAlN,3.289,HL
7.7,51.7,2,Karbür,TiAlN,6.72,DR
8.09,33.9,3,Kobalt,Kaplamasız,4.185,EB
14.19,99.4,3,Kobalt,TiAlN,7.003,RM
13.52,57.8,3,Kobalt,DLC,4.272,ER
17.6,111.4,3,Kobalt,TiN,6.326,EB
14.55,47.0,6,HSS,TiN,3.228,PT
6.61,30.2,3,HSS,TiAlN,4.559,TP
5.43,12.4,4,HSS,TiN,2.278,PT
10.66,29.7,2,Karbür,Kaplamasız,2.784,TM
19.5,122.1,4,Kobalt,DLC,6.261,DR
13.95,73.4,4,HSS,TiAlN,5.266,RM
22.74,42.8,2,Kobalt,Kaplamasız,1.884,TM
4.4,30.5,2,Karbür,DLC,6.945,DR
5.72,31.2,6,HSS,TiAlN,5.45,RM
17.51,65.4,2,Karbür,DLC,3.735,EM
9.75,48.4,2,HSS,Kaplamasız,4.97,RM
14.97,91.7,6,Karbür,Kaplamasız,6.128,EM
15.85,55.2,2,Karbür,DLC,3.48,TP
20.27,76.3,2,HSS,Kaplamasız,3.766,DW
36.84,97.0,0,HSS,TiAlN,2.634,HL
12.67,72.3,2,Kobalt,DLC,5.702,ER
12.27,99.1,2,HSS,DLC,8.079,DR
7.53,42.7,4,Kobalt,Kaplamasız,5.664,RM
24.07,74.2,0,HSS,DLC,3.082,HL
17.47,106.8,3,HSS,DLC,6.112,DR
24.1,93.2,3,Kobalt,DLC,3.866,DW
10.87,80.5,6,HSS,TiN,7.399,RM
10.0,57.9,4,HSS,TiN,5.79,EB
6.61,36.9,3,HSS,TiN,5.581,ER
27.88,96.6,0,HSS,DLC,3.465,HL
17.16,78.3,4,Kobalt,TiAlN,4.56,ER
13.05,65.0,2,HSS,TiAlN,4.984,RM
16.15,96.1,3,Kobalt,Kaplamasız,5.953,RM
9.24,30.3,6,HSS,DLC,3.286,EB
39.61,96.7,3,Karbür,TiN,2.442,TM
17.32,103.1,4,Kobalt,DLC,5.952,RM
19.58,65.5,3,HSS,Kaplamasız,3.347,ER
8.09,8.0,4,HSS,TiAlN,0.989,TM
3.56,10.7,3,HSS,DLC,3.007,EB
4.53,8.0,4,HSS,TiN,1.766,PT
14.03,45.2,4,HSS,Kaplamasız,3.223,TP
19.91,64.4,3,Kobalt,Kaplamasız,3.237,DW
5.25,30.8,2,HSS,TiAlN,5.855,DR
9.01,45.3,2,HSS,TiN,5.03,ER
5.36,27.4,2,Kobalt,TiAlN,5.117,RM
5.85,8.9,2,Kobalt,TiAlN,1.527,PT
19.97,65.5,4,Karbür,DLC,3.282,DW
20.69,45.5,0,HSS,Kaplamasız,2.199,HL
5.8,30.8,4,HSS,TiN,5.314,DR
3.73,12.0,6,Karbür,Kaplamasız,3.224,TP
15.34,52.5,6,Kobalt,TiN,3.421,ER
4.39,25.5,3,HSS,Kaplamasız,5.812,DR
9.44,63.2,4,HSS,DLC,6.697,DR
15.02,32.4,6,Kobalt,TiN,2.159,TM
3.14,22.9,6,Karbür,TiN,7.31,ER
9.78,38.3,6,Karbür,TiN,3.912,DW
6.51,14.2,4,Kobalt,DLC,2.182,PT
14.98,53.0,3,Kobalt,Kaplamasız,3.541,DW
4.58,13.1,2,HSS,DLC,2.857,EM
8.23,34.8,6,HSS,DLC,4.229,DR
8.19,24.6,6,Kobalt,Kaplamasız,3.007,PT
7.33,38.4,6,Kobalt,Kaplamasız,5.24,DR
13.72,59.0,4,HSS,DLC,4.296,EM
24.31,71.2,0,HSS,DLC,2.929,HL
18.02,126.1,6,HSS,Kaplamasız,6.996,RM
13.97,51.5,3,Karbür,TiN,3.685,ER
41.73,158.3,0,Karbür,TiN,3.794,HL
7.32,40.4,3,Kobalt,Kaplamasız,5.511,EM
15.37,72.9,3,Karbür,Kaplamasız,4.746,RM
4.81,10.9,2,HSS,Kaplamasız,2.267,PT
14.14,38.3,6,Karbür,DLC,2.71,PT
20.39,58.5,0,HSS,TiAlN,2.866,HL
16.43,111.1,2,HSS,DLC,6.762,RM
12.22,47.0,6,Karbür,TiN,3.843,EB
8.89,42.8,3,Karbür,DLC,4.818,EM
18.93,83.3,6,Kobalt,TiN,4.4,EB
5.46,29.2,4,Kobalt,TiN,5.351,EM
20.97,28.2,2,Karbür,TiN,1.343,TM
9.59,43.8,4,HSS,TiAlN,4.571,ER
15.95,58.0,2,Karbür,TiN,3.638,ER
23.9,87.4,6,Karbür,TiAlN,3.658,DW
28.72,40.9,2,HSS,Kaplamasız,1.424,TM
4.95,19.3,4,HSS,DLC,3.898,TP
20.88,48.9,0,Karbür,TiAlN,2.342,HL
3.79,18.2,4,HSS,DLC,4.793,TP
5.16,26.1,6,HSS,TiAlN,5.069,EB
6.01,28.3,2,Kobalt,TiAlN,4.703,EM
7.91,30.1,3,HSS,DLC,3.809,EB
21.74,77.2,6,Kobalt,TiAlN,3.55,ER
18.31,68.3,6,Kobalt,TiAlN,3.728,DW
9.28,19.7,4,Kobalt,Kaplamasız,2.12,PT
17.65,57.9,2,Karbür,DLC,3.282,EB
12.02,71.0,4,Kobalt,DLC,5.904,DR
14.83,25.4,4,HSS,Kaplamasız,1.715,PT
10.23,48.5,3,HSS,TiAlN,4.742,EB
23.3,58.3,0,Karbür,TiAlN,2.503,HL
8.17,64.6,4,Karbür,TiAlN,7.904,DR
14.05,87.4,2,Kobalt,DLC,6.223,ER
7.76,37.8,3,Karbür,Kaplamasız,4.871,RM
15.24,77.9,2,HSS,Kaplamasız,5.112,EB
23.4,75.3,6,HSS,TiAlN,3.219,DW
16.75,41.1,4,Kobalt,TiAlN,2.456,TM
7.11,39.4,4,Karbür,TiN,5.538,RM
5.43,13.1,4,HSS,Kaplamasız,2.415,TP
28.84,37.8,3,HSS,TiAlN,1.31,TM
37.69,67.9,3,HSS,TiN,1.801,TM
10.04,35.9,6,Kobalt,Kaplamasız,3.578,TP
21.04,77.9,3,HSS,TiN,3.705,EM
10.22,36.1,2,Kobalt,Kaplamasız,3.531,DW
6.5,27.9,6,HSS,Kaplamasız,4.295,TP
15.4,43.1,2,Kobalt,Kaplamasız,2.796,DW
3.23,26.8,3,Kobalt,TiN,8.3,DR
5.81,25.4,3,HSS,TiAlN,4.369,EM
16.97,54.2,0,Karbür,Kaplamasız,3.194,HL
4.13,8.9,4,Kobalt,TiAlN,2.155,PT
6.25,53.3,6,Karbür,TiAlN,8.534,DR
23.36,54.6,6,Kobalt,Kaplamasız,2.336,DW
12.67,23.8,4,Kobalt,TiN,1.879,TM
9.26,30.0,3,Kobalt,TiN,3.243,TP
15.79,41.0,4,HSS,TiN,2.599,PT
13.39,47.3,6,HSS,TiN,3.536,TP
12.22,40.8,3,Kobalt,DLC,3.336,EM
3.19,24.4,6,Kobalt,DLC,7.662,EB
6.61,42.5,2,Karbür,Kaplamasız,6.425,EB
28.27,31.1,2,Kobalt,Kaplamasız,1.101,TM
14.17,70.2,4,Kobalt,Kaplamasız,4.958,TP
33.96,92.6,0,HSS,TiAlN,2.726,HL
4.94,11.9,2,HSS,DLC,2.402,PT
15.37,59.4,3,HSS,TiAlN,3.866,DW
19.79,96.3,6,Karbür,TiAlN,4.866,EB
15.94,77.0,6,Kobalt,TiAlN,4.831,ER
4.74,15.1,6,Kobalt,TiAlN,3.188,EM
3.63,18.9,6,HSS,TiN,5.221,TP
6.86,20.0,3,Karbür,DLC,2.91,PT
11.64,68.1,2,Kobalt,Kaplamasız,5.85,RM
6.91,30.7,3,Kobalt,Kaplamasız,4.447,EM
24.85,87.2,3,Kobalt,TiAlN,3.509,ER
16.63,28.6,3,Kobalt,TiN,1.723,DW
7.29,34.2,6,Karbür,DLC,4.687,TP
12.96,45.3,2,Kobalt,DLC,3.496,DW
12.61,30.4,4,HSS,TiN,2.408,PT
25.44,96.8,0,Kobalt,DLC,3.806,HL
6.62,39.4,3,Karbür,TiAlN,5.958,RM
12.65,78.3,6,Karbür,TiAlN,6.193,EB
31.57,54.3,4,Kobalt,Kaplamasız,1.72,TM
8.28,29.6,6,Kobalt,DLC,3.576,ER
13.82,66.3,3,HSS,DLC,4.796,EM
16.93,104.9,2,Kobalt,DLC,6.193,RM
7.27,41.9,4,HSS,DLC,5.768,RM
18.1,78.6,4,HSS,TiAlN,4.343,RM
8.15,37.2,4,Karbür,DLC,4.566,ER
19.35,113.7,2,Karbür,TiAlN,5.875,ER
8.02,40.6,6,HSS,Kaplamasız,5.065,TP
16.07,40.6,4,HSS,Kaplamasız,2.524,DW
17.47,93.6,6,Karbür,DLC,5.354,ER
19.86,134.1,3,HSS,DLC,6.753,RM
12.24,75.0,6,Karbür,DLC,6.131,ER
27.81,63.2,0,Kobalt,TiN,2.274,HL
9.81,35.0,2,HSS,TiN,3.569,EB
11.25,63.7,2,Kobalt,TiN,5.661,DR
20.35,48.2,4,Kobalt,Kaplamasız,2.368,TM
4.57,8.1,6,Kobalt,Kaplamasız,1.782,PT
9.03,29.4,6,Kobalt,TiAlN,3.251,ER
6.19,12.4,4,Karbür,DLC,2.009,PT
16.36,45.8,4,HSS,Kaplamasız,2.8,ER
13.64,69.6,2,Karbür,TiAlN,5.1,EM
15.75,70.7,6,Karbür,TiAlN,4.489,DR
3.59,22.0,3,Kobalt,Kaplamasız,6.118,TP
17.6,121.5,6,Karbür,TiAlN,6.904,RM
21.71,86.5,3,Karbür,TiN,3.985,ER
8.51,24.9,4,Karbür,TiAlN,2.931,DW
11.16,19.9,3,Kobalt,DLC,1.785,PT
6.44,32.6,6,Kobalt,DLC,5.061,EB
24.86,129.9,3,Karbür,Kaplamasız,5.226,EM
16.89,50.4,0,Karbür,TiN,2.985,HL
5.77,25.3,2,HSS,TiN,4.39,ER
7.24,25.8,3,Kobalt,Kaplamasız,3.569,DW
6.66,16.6,4,Kobalt,TiAlN,2.492,PT
5.14,25.3,2,Kobalt,DLC,4.927,RM
41.28,106.7,0,HSS,TiN,2.584,HL
17.79,125.7,6,Karbür,Kaplamasız,7.067,RM
39.4,43.9,4,HSS,TiAlN,1.113,TM
8.11,42.7,3,Karbür,TiAlN,5.263,EB
4.54,24.0,2,Kobalt,DLC,5.281,EB
13.62,40.9,2,Kobalt,TiN,2.999,TP
14.44,52.3,4,Kobalt,TiN,3.626,ER
30.73,43.1,2,Karbür,Kaplamasız,1.403,TM
7.65,11.5,3,Kobalt,DLC,1.507,PT
8.42,10.4,2,Karbür,Kaplamasız,1.236,DW
19.15,116.8,6,Kobalt,Kaplamasız,6.098,EM
11.39,21.1,3,Kobalt,DLC,1.849,TM
15.05,61.0,3,HSS,TiAlN,4.054,DW
5.67,33.3,3,HSS,TiAlN,5.877,DR
5.98,14.3,2,Kobalt,Kaplamasız,2.397,PT
17.69,83.6,6,Kobalt,DLC,4.725,EB
8.65,18.6,2,HSS,TiN,2.151,PT
18.36,111.5,2,Karbür,DLC,6.072,EB
9.63,43.3,6,Kobalt,Kaplamasız,4.496,ER
25.22,69.7,0,Karbür,DLC,2.763,HL
15.85,34.5,4,Kobalt,TiAlN,2.178,PT
8.61,18.5,6,HSS,TiAlN,2.148,PT
24.98,47.5,4,Karbür,Kaplamasız,1.902,TM
18.4,88.5,2,Karbür,Kaplamasız,4.811,EM
20.88,114.4,6,Kobalt,Kaplamasız,5.482,EM
13.87,96.0,2,HSS,TiAlN,6.922,EB
8.2,16.7,3,Kobalt,Kaplamasız,2.031,PT
15.68,97.2,3,Karbür,TiN,6.197,EB
10.01,20.0,6,HSS,Kaplamasız,2.0,TM
5.94,26.0,6,HSS,DLC,4.377,RM
49.2,137.0,0,Karbür,TiAlN,2.785,HL
16.85,36.3,6,Karbür,TiN,2.156,TM
13.53,22.0,4,Karbür,Kaplamasız,1.628,TM
7.8,35.6,2,HSS,TiN,4.562,EB
7.5,34.1,4,HSS,DLC,4.544,TP
24.36,68.9,0,HSS,TiAlN,2.827,HL
10.34,28.2,4,HSS,TiAlN,2.727,PT
30.98,44.7,6,HSS,DLC,1.444,TM
11.96,61.3,3,Karbür,TiN,5.125,DR
13.05,49.5,3,Karbür,TiN,3.79,DW
17.07,103.6,2,HSS,TiN,6.073,DR
33.82,42.6,6,Karbür,TiN,1.261,TM
7.97,30.2,3,Karbür,TiN,3.795,RM
10.62,20.0,6,Karbür,DLC,1.884,PT
5.51,11.0,4,Kobalt,Kaplamasız,2.004,TP
35.08,87.9,0,Karbür,Kaplamasız,2.505,HL
34.93,55.3,6,Karbür,DLC,1.584,TM
6.62,31.8,3,Kobalt,TiN,4.803,DR
19.96,64.7,3,HSS,TiAlN,3.241,EM
24.99,54.1,4,HSS,TiN,2.166,DW
4.91,19.1,3,Kobalt,DLC,3.889,TP
20.12,43.6,2,HSS,Kaplamasız,2.169,DW
13.7,34.7,6,Karbür,TiAlN,2.535,PT
7.63,22.0,3,Karbür,TiN,2.881,DW
10.66,62.1,2,Karbür,TiAlN,5.827,RM
11.24,34.0,3,Kobalt,DLC,3.028,DW
30.31,76.4,0,Karbür,Kaplamasız,2.522,HL
30.34,92.3,0,Kobalt,DLC,3.041,HL
24.13,74.4,4,Kobalt,TiN,3.082,DW
8.29,50.7,3,HSS,TiAlN,6.114,ER
7.88,18.1,4,Kobalt,Kaplamasız,2.298,PT
13.81,24.1,2,HSS,TiAlN,1.746,PT
11.63,83.8,2,Karbür,DLC,7.204,DR
33.76,68.9,0,Karbür,TiN,2.04,HL
7.84,29.6,2,Kobalt,TiAlN,3.779,TP
11.79,34.9,4,Karbür,DLC,2.957,DW
18.67,115.7,3,Kobalt,Kaplamasız,6.195,EB
18.97,93.0,3,Kobalt,TiN,4.903,DR
11.95,24.4,2,HSS,DLC,2.041,PT
12.65,49.0,6,Karbür,TiAlN,3.872,DW
11.63,54.4,3,Karbür,TiAlN,4.681,RM
7.79,18.0,4,HSS,TiN,2.314,PT
12.73,38.8,4,HSS,Kaplamasız,3.044,DW
21.83,44.0,2,Kobalt,TiAlN,2.016,TM
20.39,24.9,4,HSS,TiN,1.224,TM
8.43,27.0,2,Kobalt,DLC,3.203,PT
6.44,35.1,2,Kobalt,TiN,5.454,DR
9.27,39.2,3,Kobalt,Kaplamasız,4.23,DW
28.82,60.3,4,Kobalt,Kaplamasız,2.093,TM
4.85,17.5,4,Kobalt,TiN,3.598,ER
7.32,25.1,6,HSS,Kaplamasız,3.431,ER
17.88,43.7,0,Kobalt,TiAlN,2.446,HL
33.22,45.5,6,Karbür,TiN,1.37,TM
8.77,32.7,3,Karbür,TiN,3.733,DR
19.35,95.7,6,Karbür,TiN,4.944,RM
23.21,66.3,6,Karbür,Kaplamasız,2.855,EM
27.1,50.1,3,Kobalt,Kaplamasız,1.849,TM
19.41,69.6,6,HSS,TiAlN,3.584,EM
12.78,55.5,3,Kobalt,Kaplamasız,4.344,TP
5.45,21.3,2,HSS,TiAlN,3.914,TP
9.69,60.8,2,Karbür,TiN,6.278,RM
3.39,16.6,6,HSS,TiN,4.899,EB
16.75,76.8,4,Karbür,DLC,4.583,EB
7.98,47.3,3,Kobalt,DLC,5.924,EB
16.4,43.4,4,Kobalt,TiAlN,2.644,TM
34.6,72.1,0,Karbür,TiAlN,2.084,HL
29.25,51.1,3,Kobalt,TiN,1.745,TM
24.92,89.3,2,HSS,TiAlN,3.581,EM
8.91,27.9,2,Kobalt,TiAlN,3.129,TP
12.86,37.1,3,Karbür,Kaplamasız,2.887,PT
6.42,43.8,4,Kobalt,DLC,6.828,DR
11.05,32.4,2,Karbür,TiN,2.934,ER
19.15,54.2,4,HSS,TiAlN,2.832,DW
21.14,31.9,3,Kobalt,TiN,1.51,TM
10.79,63.7,6,Kobalt,DLC,5.904,RM
17.75,53.8,4,Karbür,DLC,3.031,DW
5.05,20.3,2,HSS,TiN,4.019,ER
9.98,66.9,6,Kobalt,TiN,6.702,DR
5.49,28.6,6,Kobalt,DLC,5.217,EB
12.11,64.7,3,Kobalt,DLC,5.343,EB
8.25,56.9,3,HSS,Kaplamasız,6.894,DR
11.29,34.8,2,Kobalt,DLC,3.081,EM
14.35,65.2,2,Kobalt,TiAlN,4.541,TP
5.53,38.6,6,Karbür,TiN,6.974,DR
6.32,38.0,6,HSS,TiAlN,6.017,EM
9.96,49.5,2,Kobalt,TiAlN,4.974,EB
23.08,85.2,2,HSS,TiAlN,3.693,EM
20.15,74.1,3,HSS,TiN,3.678,EM
16.22,73.6,3,Kobalt,Kaplamasız,4.538,RM
12.65,57.4,2,HSS,TiAlN,4.542,RM
23.11,124.8,4,Karbür,TiAlN,5.4,EM
7.19,14.6,3,Kobalt,TiN,2.029,PT
14.48,62.2,6,HSS,DLC,4.294,TP
41.85,111.5,0,Kobalt,Kaplamasız,2.665,HL
7.8,49.5,4,Karbür,DLC,6.346,EB
24.46,89.1,0,HSS,TiAlN,3.642,HL
17.78,116.7,2,HSS,Kaplamasız,6.563,DR
5.04,16.2,6,Karbür,TiAlN,3.218,EB
11.58,77.2,3,HSS,Kaplamasız,6.666,DR
19.17,53.1,3,Karbür,DLC,2.767,ER
17.59,53.3,0,HSS,TiN,3.028,HL
17.88,111.3,4,HSS,TiAlN,6.224,RM
17.65,89.9,6,Kobalt,DLC,5.096,ER
3.5,8.0,3,HSS,DLC,2.284,TP
18.85,73.3,3,Karbür,TiN,3.887,EB
25.2,35.7,6,Kobalt,TiAlN,1.415,TM
9.51,21.1,2,Karbür,TiN,2.222,PT
20.97,65.2,0,Kobalt,TiN,3.108,HL
11.32,22.4,3,HSS,TiAlN,1.98,PT
9.41,29.3,6,Karbür,DLC,3.116,DW
7.47,26.6,4,Karbür,TiAlN,3.563,TP
9.35,40.8,4,HSS,TiN,4.36,TP
17.19,63.0,6,Karbür,TiAlN,3.667,EM
36.31,39.7,3,Kobalt,TiAlN,1.093,TM
9.83,47.0,2,HSS,Kaplamasız,4.778,EB
14.8,61.1,6,Kobalt,DLC,4.131,RM
13.86,69.9,6,Kobalt,DLC,5.04,DR
15.27,61.4,6,Kobalt,DLC,4.021,TP
18.96,93.9,2,HSS,DLC,4.952,DR
17.52,61.3,6,Karbür,DLC,3.499,DW
4.73,24.1,2,Karbür,Kaplamasız,5.104,TP
13.6,16.8,6,Karbür,Kaplamasız,1.232,PT
15.22,37.2,4,HSS,TiN,2.444,PT
31.96,73.0,6,HSS,Kaplamasız,2.285,TM
13.62,43.7,4,HSS,TiN,3.207,TP
4.95,16.0,3,Kobalt,TiN,3.238,TP
7.42,25.7,3,Karbür,DLC,3.468,DW
8.94,37.1,4,HSS,TiAlN,4.152,TP
20.39,39.2,2,Kobalt,TiN,1.92,DW
22.51,93.3,4,Karbür,TiAlN,4.148,EM
18.57,70.9,6,Karbür,TiAlN,3.819,DR
8.98,33.3,6,Karbür,Kaplamasız,3.703,TP
3.8,22.4,3,Karbür,DLC,5.91,TP
4.41,19.5,2,HSS,TiAlN,4.424,TP
17.01,63.7,2,Kobalt,TiAlN,3.745,ER
5.07,27.5,4,HSS,Kaplamasız,5.424,EM
14.44,57.9,4,Kobalt,Kaplamasız,4.012,TP
15.24,58.9,6,Kobalt,DLC,3.866,TP
28.12,25.5,2,Karbür,Kaplamasız,0.908,TM
11.39,40.9,3,Karbür,TiAlN,3.592,TP
12.25,25.5,3,HSS,TiN,2.086,PT
19.9,132.5,2,Karbür,DLC,6.659,RM
19.5,91.0,3,Kobalt,TiN,4.667,RM
3.45,10.4,2,Kobalt,TiN,3.011,TP
4.77,25.9,6,Karbür,TiN,5.438,EB
21.47,114.2,2,HSS,TiAlN,5.32,EM
18.51,115.1,4,HSS,TiN,6.22,DR
9.5,43.3,4,Kobalt,DLC,4.562,TP
24.96,87.5,6,HSS,DLC,3.504,DW
7.7,21.6,6,Karbür,TiN,2.802,PT
12.56,63.8,2,HSS,TiN,5.076,EM
7.74,13.9,4,Kobalt,TiAlN,1.797,PT
3.44,11.7,2,Kobalt,TiAlN,3.405,TP
5.32,35.8,3,Karbür,TiAlN,6.719,DR
11.95,8.0,2,HSS,TiAlN,0.67,TM
21.2,70.2,2,Kobalt,Kaplamasız,3.313,ER
12.23,86.9,6,Kobalt,DLC,7.104,RM
11.51,26.7,2,Kobalt,Kaplamasız,2.32,PT
8.93,62.2,3,HSS,TiN,6.961,DR
13.75,29.7,4,HSS,DLC,2.163,PT
7.2,41.9,2,Kobalt,TiAlN,5.821,RM
8.65,41.6,3,Kobalt,Kaplamasız,4.805,EB
3.6,25.9,4,HSS,TiAlN,7.182,DR
13.15,38.6,2,Kobalt,DLC,2.935,PT
22.3,74.4,0,Kobalt,TiN,3.336,HL
8.72,48.1,6,HSS,TiN,5.518,DR
19.65,110.6,2,Karbür,TiN,5.629,RM
13.97,72.7,3,Karbür,DLC,5.205,TP
15.43,93.7,3,Karbür,TiAlN,6.071,EB
33.46,79.4,0,Kobalt,TiAlN,2.373,HL
19.64,40.0,2,Karbür,TiAlN,2.034,TM
17.27,91.7,4,Kobalt,DLC,5.307,ER
38.13,145.8,0,Karbür,TiN,3.825,HL
14.13,57.1,2,HSS,TiAlN,4.039,EB
17.92,77.5,3,Kobalt,Kaplamasız,4.327,ER
32.42,66.9,2,HSS,TiN,2.064,TM
35.72,72.9,4,HSS,TiAlN,2.04,TM
16.58,65.5,2,HSS,TiN,3.952,DW
31.74,25.9,6,HSS,Kaplamasız,0.815,TM
6.15,14.2,2,Karbür,DLC,2.306,DW
13.91,57.5,2,HSS,TiAlN,4.135,ER
7.92,31.5,4,Karbür,Kaplamasız,3.973,DW
11.69,48.5,4,HSS,Kaplamasız,4.148,EM
4.61,14.3,2,Karbür,Kaplamasız,3.091,TP
13.02,86.3,2,Kobalt,TiAlN,6.627,RM
30.21,62.7,0,HSS,DLC,2.075,HL
13.63,44.0,3,Kobalt,TiN,3.227,ER
19.18,81.9,2,Kobalt,DLC,4.271,EB
6.09,19.0,4,HSS,Kaplamasız,3.119,TP
19.49,67.1,0,HSS,DLC,3.444,HL
14.14,102.1,6,Kobalt,Kaplamasız,7.221,DR
7.86,46.9,2,Karbür,TiN,5.961,EB
6.74,11.6,4,Kobalt,DLC,1.721,PT
19.06,57.3,2,Karbür,DLC,3.004,ER
40.35,147.9,0,HSS,TiN,3.666,HL
16.26,65.4,4,Karbür,TiN,4.02,RM
4.9,13.3,2,Karbür,TiN,2.708,PT
7.28,40.4,3,Karbür,TiN,5.544,TP
6.78,37.3,3,Kobalt,TiN,5.503,DR
41.26,98.3,0,HSS,Kaplamasız,2.382,HL
8.69,22.4,2,Karbür,TiAlN,2.581,TM
6.96,29.2,2,HSS,TiAlN,4.201,TP
14.69,69.7,6,HSS,TiAlN,4.746,RM
16.98,43.7,4,Kobalt,TiAlN,2.572,DW
19.54,87.4,3,Karbür,TiAlN,4.471,EM
16.69,113.6,3,Karbür,TiN,6.806,RM
8.98,21.0,4,HSS,TiAlN,2.339,TM
7.74,25.9,2,Kobalt,DLC,3.344,TP
3.36,18.4,3,Karbür,TiAlN,5.48,EB
7.36,37.8,4,HSS,TiAlN,5.137,EM
20.58,78.0,2,HSS,Kaplamasız,3.792,DW
27.64,56.9,6,Karbür,DLC,2.057,TM
23.28,39.6,2,HSS,DLC,1.7,TM
10.57,33.3,2,HSS,TiAlN,3.15,EM
24.82,134.4,3,Kobalt,Kaplamasız,5.416,ER
9.38,37.6,4,Karbür,Kaplamasız,4.004,TP
23.8,51.7,3,Kobalt,TiN,2.173,DW
8.95,38.9,3,Kobalt,Kaplamasız,4.347,TP
26.84,25.7,4,Karbür,TiN,0.958,TM
24.56,52.3,0,Kobalt,TiAlN,2.129,HL
25.27,47.6,2,Kobalt,Kaplamasız,1.884,TM
22.84,31.6,6,Kobalt,TiAlN,1.383,TM
7.38,23.3,6,Karbür,Kaplamasız,3.153,DW
23.7,125.6,4,Kobalt,TiAlN,5.298,ER
12.69,72.8,4,HSS,Kaplamasız,5.74,ER
3.7,19.5,4,HSS,Kaplamasız,5.252,DR
17.1,26.0,6,Kobalt,TiAlN,1.518,TM
15.6,51.0,4,Karbür,TiAlN,3.271,PT
21.03,76.7,3,Karbür,TiAlN,3.646,DW
7.5,31.8,6,Karbür,DLC,4.245,TP
8.52,42.3,2,Kobalt,TiN,4.958,RM
21.77,74.5,2,HSS,TiAlN,3.421,ER
29.53,46.5,4,HSS,DLC,1.575,TM
8.97,68.6,4,Karbür,Kaplamasız,7.652,DR
12.17,63.5,3,Kobalt,DLC,5.216,RM
24.11,82.9,0,HSS,TiN,3.439,HL
10.17,54.7,6,Kobalt,Kaplamasız,5.378,DR
8.42,53.8,6,HSS,Kaplamasız,6.395,EM
3.05,15.3,2,Kobalt,DLC,5.011,ER
11.28,55.6,4,Kobalt,TiN,4.932,DR
5.0,26.9,4,HSS,TiN,5.385,DR
15.61,88.3,6,Karbür,TiN,5.661,EB
16.13,78.6,3,Karbür,Kaplamasız,4.874,EB
43.56,116.8,0,HSS,TiN,2.683,HL
11.64,46.1,2,HSS,TiN,3.964,EB
10.41,18.1,6,HSS,DLC,1.742,PT
22.12,49.6,0,HSS,DLC,2.244,HL
12.47,75.8,3,Kobalt,Kaplamasız,6.079,ER
4.66,24.5,6,Kobalt,TiN,5.251,DR
44.83,181.7,0,Kobalt,DLC,4.052,HL
7.06,11.6,3,Karbür,DLC,1.646,PT
49.46,108.1,0,Kobalt,TiAlN,2.186,HL
3.25,8.0,4,Karbür,Kaplamasız,2.46,TP
9.94,15.2,2,Kobalt,Kaplamasız,1.532,PT
34.18,87.1,0,HSS,TiN,2.549,HL
34.52,104.4,0,Kobalt,DLC,3.025,HL
3.23,18.3,6,HSS,TiN,5.66,DR
7.94,43.9,6,Kobalt,Kaplamasız,5.532,EB
20.73,73.2,2,Karbür,DLC,3.533,ER
16.23,80.3,2,Kobalt,Kaplamasız,4.946,ER
27.39,64.8,6,Karbür,TiAlN,2.365,TM
7.99,35.1,2,HSS,Kaplamasız,4.4,RM
10.05,41.0,2,Kobalt,Kaplamasız,4.083,TP
14.15,56.8,6,Karbür,Kaplamasız,4.013,ER
12.36,50.4,4,Karbür,TiAlN,4.073,RM
42.2,155.9,0,Karbür,Kaplamasız,3.695,HL
18.4,120.6,4,Kobalt,DLC,6.554,DR
10.6,20.0,6,Karbür,DLC,1.887,PT
20.91,59.4,4,HSS,TiN,2.843,EM
21.42,35.5,2,Kobalt,DLC,1.659,TM
13.72,57.9,6,Kobalt,TiN,4.221,RM
3.94,14.3,6,Karbür,TiN,3.635,ER
39.05,150.6,0,Karbür,TiN,3.857,HL
7.99,28.8,2,Kobalt,TiN,3.608,PT
9.27,51.3,3,HSS,TiAlN,5.529,EM
24.63,102.4,3,HSS,DLC,4.159,DW
44.21,118.9,0,HSS,TiAlN,2.688,HL
39.72,69.9,6,Kobalt,TiN,1.76,TM
5.0,25.4,3,HSS,TiAlN,5.091,EM
4.57,20.0,4,HSS,TiAlN,4.374,TP
6.14,20.2,3,HSS,TiN,3.285,TP
26.3,109.4,0,Kobalt,DLC,4.162,HL
11.41,24.1,6,Karbür,Kaplamasız,2.111,PT
7.82,18.5,4,Kobalt,Kaplamasız,2.37,PT
20.48,45.6,2,Kobalt,Kaplamasız,2.227,DW
10.26,16.4,3,Karbür,Kaplamasız,1.599,PT
6.56,39.1,3,HSS,TiAlN,5.965,EM
23.66,30.0,2,Karbür,Kaplamasız,1.267,TM
7.82,38.1,3,Karbür,Kaplamasız,4.871,EB
9.46,70.4,4,HSS,TiAlN,7.442,DR
25.32,44.2,3,Kobalt,Kaplamasız,1.746,TM
15.01,50.1,2,Karbür,Kaplamasız,3.339,PT
8.06,38.2,6,Kobalt,TiN,4.746,TP
7.82,27.6,3,Kobalt,TiAlN,3.529,TP
29.37,110.0,0,Karbür,TiN,3.744,HL
3.27,20.0,2,Kobalt,TiAlN,6.116,EB
3.32,8.0,2,Karbür,TiAlN,2.409,EM
20.11,78.3,4,Karbür,Kaplamasız,3.896,EM
21.69,121.4,2,Kobalt,Kaplamasız,5.596,ER
48.91,195.4,0,Kobalt,Kaplamasız,3.996,HL
23.35,129.8,2,Karbür,Kaplamasız,5.559,EM
17.91,111.4,2,Kobalt,DLC,6.219,EM
29.29,90.6,0,Karbür,DLC,3.094,HL
15.35,77.1,2,Kobalt,TiN,5.021,ER
19.91,74.9,4,Karbür,Kaplamasız,3.762,DW
15.49,41.2,4,Kobalt,Kaplamasız,2.658,PT
12.44,38.6,6,Kobalt,TiAlN,3.106,TP
4.77,13.1,2,Karbür,Kaplamasız,2.75,PT
44.69,156.9,0,Kobalt,Kaplamasız,3.511,HL
19.55,40.8,4,Kobalt,TiN,2.09,TM
16.72,58.5,2,HSS,DLC,3.501,ER
24.23,87.0,6,HSS,TiAlN,3.591,DW
5.28,25.1,3,HSS,DLC,4.744,DR
19.31,56.3,4,Karbür,TiAlN,2.917,ER
7.03,30.3,2,Karbür,TiAlN,4.309,EM
23.66,113.0,4,Kobalt,DLC,4.776,EM
16.26,85.5,6,Kobalt,TiN,5.26,RM
24.03,125.7,3,Karbür,Kaplamasız,5.232,EM
10.17,23.8,4,HSS,Kaplamasız,2.335,TM
6.59,45.5,2,Karbür,TiN,6.907,DR
16.8,45.1,2,HSS,Kaplamasız,2.686,DW
27.11,65.5,3,HSS,Kaplamasız,2.417,TM
21.96,55.8,0,Karbür,Kaplamasız,2.54,HL
9.26,26.4,3,Kobalt,Kaplamasız,2.847,PT
17.89,77.3,6,HSS,TiAlN,4.32,EM
19.03,62.4,4,Karbür,Kaplamasız,3.281,EM
11.06,16.5,4,Kobalt,TiN,1.491,TM
19.11,92.9,2,Karbür,DLC,4.862,DR
5.13,30.5,6,Karbür,TiN,5.949,EM
11.94,97.7,6,Karbür,DLC,8.188,DR
6.76,8.0,3,HSS,TiAlN,1.183,PT
17.28,106.5,6,Karbür,TiN,6.164,RM
30.61,97.4,0,Karbür,DLC,3.181,HL
36.78,48.5,4,Kobalt,DLC,1.318,TM
12.07,57.5,4,Kobalt,TiAlN,4.762,TP
10.42,51.8,2,Kobalt,TiN,4.965,TP
36.5,98.2,0,Karbür,DLC,2.69,HL
25.07,37.9,2,Karbür,Kaplamasız,1.514,TM
8.92,52.0,6,Karbür,Kaplamasız,5.833,RM
22.63,62.5,6,Karbür,TiN,2.76,EM
22.16,44.5,0,HSS,TiN,2.007,HL
3.07,16.4,3,Kobalt,Kaplamasız,5.349,ER
14.56,66.0,2,HSS,TiN,4.53,DR
4.19,25.8,2,HSS,Kaplamasız,6.16,EB
15.99,39.0,6,Kobalt,TiAlN,2.442,PT
23.41,101.1,6,HSS,Kaplamasız,4.321,EM
23.36,72.1,0,HSS,Kaplamasız,3.088,HL
7.06,59.7,6,HSS,TiAlN,8.468,DR
10.83,43.6,6,Kobalt,DLC,4.027,EB
23.4,88.2,3,HSS,DLC,3.768,ER
4.44,26.2,2,Kobalt,TiAlN,5.91,EB
35.33,30.2,4,Kobalt,TiAlN,0.854,TM
24.11,68.7,2,HSS,DLC,2.848,DW
21.82,67.6,6,Karbür,Kaplamasız,3.099,DW
8.44,34.3,6,HSS,Kaplamasız,4.057,TP
9.8,48.3,6,Karbür,TiN,4.924,EB
8.44,63.3,3,Karbür,Kaplamasız,7.494,DR
23.03,100.4,2,HSS,TiAlN,4.359,EM
10.37,40.8,3,Kobalt,Kaplamasız,3.934,ER
21.11,107.9,4,Kobalt,DLC,5.112,ER
3.48,11.9,4,HSS,Kaplamasız,3.436,EB
14.7,64.6,6,Kobalt,DLC,4.398,RM
2.74,8.0,4,HSS,Kaplamasız,2.918,DR
19.63,137.3,6,Kobalt,TiAlN,6.997,RM
15.07,55.1,2,Karbür,DLC,3.654,TP
4.27,13.8,6,Kobalt,TiAlN,3.233,EM
11.9,37.9,2,Kobalt,DLC,3.184,EB
10.36,37.3,4,HSS,DLC,3.597,ER
13.95,75.5,2,Karbür,TiAlN,5.416,RM
5.09,42.2,2,Karbür,DLC,8.289,DR
28.93,70.0,2,Kobalt,Kaplamasız,2.419,TM
22.52,127.2,6,Karbür,TiN,5.651,ER
13.01,47.3,6,Kobalt,TiAlN,3.638,EM
17.97,68.1,6,Kobalt,TiAlN,3.787,EM
5.28,21.0,6,HSS,TiAlN,3.975,PT
12.68,75.0,2,Karbür,DLC,5.911,DR
7.36,24.5,6,Kobalt,TiN,3.331,EB
10.17,53.2,6,HSS,TiAlN,5.233,EM
16.95,62.5,0,Kobalt,TiAlN,3.687,HL
14.87,51.2,6,Kobalt,Kaplamasız,3.444,TP
19.66,35.1,4,Karbür,Kaplamasız,1.785,DW
14.72,57.8,3,HSS,TiAlN,3.929,TP
26.03,56.1,0,HSS,DLC,2.155,HL
15.96,53.0,4,Kobalt,Kaplamasız,3.322,EM
16.84,108.6,6,HSS,TiN,6.449,RM
27.29,63.7,0,Kobalt,TiN,2.333,HL
10.3,50.4,3,HSS,Kaplamasız,4.892,TP
10.88,67.0,3,HSS,TiAlN,6.16,EB
6.01,29.1,6,Kobalt,DLC,4.845,EB
9.86,39.3,4,HSS,TiN,3.984,DW
18.79,95.1,4,Karbür,TiAlN,5.06,EB
13.91,97.4,3,Karbür,TiN,6.999,RM
12.72,52.9,2,Kobalt,TiAlN,4.156,EB
11.72,55.1,2,HSS,Kaplamasız,4.696,RM
11.27,58.8,3,HSS,TiN,5.221,ER
13.36,39.1,2,HSS,Kaplamasız,2.928,DW
13.94,93.3,2,HSS,Kaplamasız,6.696,EB
24.77,89.1,3,HSS,TiAlN,3.595,ER
13.36,26.1,4,Kobalt,TiAlN,1.953,DW
15.45,72.6,3,HSS,TiN,4.7,RM
6.39,42.2,4,Karbür,TiAlN,6.605,DR
9.74,46.2,4,Karbür,DLC,4.744,TP
40.65,97.1,0,Karbür,DLC,2.39,HL
24.65,93.6,6,Karbür,DLC,3.798,EM
8.71,27.2,4,Karbür,TiN,3.12,ER
8.38,51.1,3,Kobalt,Kaplamasız,6.1,EB
11.62,89.3,2,HSS,TiN,7.691,DR
4.77,40.7,3,HSS,TiN,8.536,DR
4.39,9.5,4,HSS,TiN,2.152,PT
15.8,106.4,2,Kobalt,TiAlN,6.733,RM
6.77,16.7,4,Karbür,TiAlN,2.47,TP
7.18,30.9,3,HSS,Kaplamasız,4.297,EB
12.69,18.8,6,HSS,TiN,1.481,PT
22.57,30.7,3,Karbür,Kaplamasız,1.361,TM
14.03,60.0,2,Kobalt,TiAlN,4.277,EB
15.34,62.9,6,Karbür,DLC,4.098,DR
12.73,45.7,2,HSS,Kaplamasız,3.587,TP
10.02,51.0,3,HSS,TiAlN,5.095,ER
13.27,69.3,2,Kobalt,DLC,5.221,ER
20.07,43.0,2,Kobalt,TiAlN,2.144,TM
4.9,17.3,2,HSS,TiAlN,3.526,PT
11.4,53.3,3,HSS,TiAlN,4.68,DR
6.71,17.8,3,HSS,TiAlN,2.659,TP
11.73,53.7,2,Kobalt,TiAlN,4.574,TP
15.2,86.2,2,Kobalt,Kaplamasız,5.669,RM
6.6,50.2,6,Kobalt,TiAlN,7.596,DR
21.09,56.0,0,Karbür,TiAlN,2.654,HL
10.0,43.3,4,HSS,TiN,4.333,DR
21.29,131.9,3,Kobalt,DLC,6.194,EM
10.08,52.7,2,HSS,DLC,5.223,ER
5.5,25.2,3,Karbür,Kaplamasız,4.57,EB
6.09,12.8,3,HSS,DLC,2.101,PT
8.84,48.6,6,HSS,DLC,5.493,TP
6.29,32.4,2,HSS,TiAlN,5.148,DR
15.26,45.2,3,Kobalt,DLC,2.961,PT
10.5,18.4,4,Kobalt,TiAlN,1.753,PT
28.49,85.2,0,Karbür,TiAlN,2.989,HL
3.25,20.5,4,Karbür,TiN,6.296,EB
20.62,77.0,3,Kobalt,TiAlN,3.734,ER
10.61,27.3,4,HSS,TiN,2.574,PT
24.09,89.1,2,Karbür,TiAlN,3.698,EM
8.5,30.1,4,HSS,Kaplamasız,3.539,PT
11.05,15.1,6,HSS,Kaplamasız,1.362,PT
19.32,61.9,0,HSS,TiAlN,3.204,HL
5.99,23.8,2,Karbür,TiAlN,3.977,ER
17.62,76.8,3,HSS,TiN,4.36,EM
41.49,130.0,0,HSS,Kaplamasız,3.133,HL
13.03,48.6,2,Kobalt,Kaplamasız,3.731,TP
11.28,61.6,4,Kobalt,DLC,5.458,EM
7.49,32.2,3,HSS,TiN,4.304,TP
15.64,47.1,2,HSS,TiAlN,3.014,DW
13.35,39.9,3,HSS,TiAlN,2.992,DW
14.57,37.4,3,Karbür,DLC,2.568,PT
8.17,37.8,3,Karbür,TiAlN,4.627,EB
18.59,88.6,6,Kobalt,DLC,4.766,ER
12.96,60.7,4,Kobalt,TiN,4.678,EM
15.05,81.2,4,Karbür,DLC,5.39,EB
11.29,39.5,6,Kobalt,TiN,3.503,EB
3.07,14.2,6,HSS,DLC,4.63,EB
8.0,44.0,3,Karbür,DLC,5.5,EB
11.0,56.9,2,Karbür,TiAlN,5.176,EM
19.56,109.8,6,HSS,TiN,5.61,ER
11.94,39.6,6,Kobalt,TiN,3.319,DW
10.7,78.2,3,HSS,TiN,7.313,DR
10.49,26.5,2,HSS,TiAlN,2.525,PT
6.73,38.9,4,Kobalt,TiAlN,5.786,RM
16.3,67.5,3,HSS,Kaplamasız,4.139,EM
23.79,69.8,0,Karbür,TiN,2.935,HL
6.65,49.5,3,Karbür,TiAlN,7.449,RM
16.57,63.7,6,Karbür,TiN,3.843,EB
16.65,53.8,4,Kobalt,DLC,3.232,ER
26.92,49.8,2,Karbür,Kaplamasız,1.848,TM
15.44,66.4,3,Kobalt,DLC,4.3,RM
12.84,58.7,2,Kobalt,TiN,4.568,DR
12.17,70.5,6,HSS,TiN,5.791,DR
14.87,102.2,4,Karbür,DLC,6.874,DR
24.34,94.7,6,Karbür,TiN,3.891,ER
8.39,42.4,3,Kobalt,Kaplamasız,5.058,RM
14.12,44.2,2,Karbür,TiN,3.129,DW
22.03,82.8,0,HSS,TiAlN,3.757,HL
22.78,47.2,2,Karbür,DLC,2.073,TM
13.04,72.9,3,HSS,TiN,5.586,RM
18.33,56.1,6,HSS,Kaplamasız,3.062,DW
41.32,157.0,0,Karbür,DLC,3.8,HL
15.32,73.7,6,Karbür,Kaplamasız,4.808,ER
24.86,38.7,2,Karbür,TiAlN,1.556,TM
13.93,43.5,4,HSS,Kaplamasız,3.12,EM
19.13,102.7,4,Karbür,Kaplamasız,5.366,EB
48.61,163.0,0,Karbür,DLC,3.352,HL
17.8,96.1,3,Karbür,DLC,5.4,ER
5.87,8.5,2,HSS,TiN,1.454,PT
7.48,46.2,4,Karbür,TiAlN,6.179,EB
20.33,107.1,3,Karbür,Kaplamasız,5.27,EM
48.37,145.8,0,Karbür,Kaplamasız,3.015,HL
8.11,26.9,4,Karbür,Kaplamasız,3.312,DW
11.97,87.8,3,HSS,TiN,7.336,DR
19.01,98.0,6,HSS,TiAlN,5.156,EB
9.25,54.3,6,Karbür,Kaplamasız,5.872,EM
16.01,90.9,4,Karbür,Kaplamasız,5.676,ER
5.52,27.1,4,Kobalt,TiAlN,4.908,RM
21.9,81.4,0,HSS,TiAlN,3.716,HL
24.13,127.6,2,Kobalt,DLC,5.288,EM
30.95,35.2,3,HSS,DLC,1.137,TM
33.08,107.8,0,Karbür,TiAlN,3.26,HL
6.49,28.5,4,HSS,DLC,4.384,RM
5.24,15.7,2,Karbür,Kaplamasız,2.992,ER
8.63,14.5,6,Kobalt,TiN,1.674,TM
21.85,78.8,4,Karbür,Kaplamasız,3.609,ER
5.78,20.0,2,HSS,DLC,3.457,TP
18.53,44.4,2,Karbür,DLC,2.394,DW
37.9,96.6,0,HSS,Kaplamasız,2.548,HL
5.95,29.6,6,HSS,TiAlN,4.969,EM
13.4,59.1,3,Karbür,Kaplamasız,4.41,TP
4.03,8.0,3,HSS,TiAlN,1.987,PT
5.48,17.6,6,Kobalt,TiN,3.214,ER
30.36,66.5,6,Kobalt,TiN,2.19,TM
12.71,65.0,6,HSS,TiAlN,5.116,TP
16.23,83.3,6,Karbür,TiAlN,5.13,EB
4.31,17.5,6,Karbür,TiAlN,4.069,EM
8.86,12.1,3,HSS,TiAlN,1.37,TM
23.68,103.1,4,Karbür,TiN,4.355,EM
18.99,76.2,2,Kobalt,DLC,4.015,DW
21.01,26.1,6,Karbür,TiN,1.241,TM
22.65,71.9,4,HSS,DLC,3.177,DW
37.69,85.1,3,HSS,TiN,2.259,TM
8.98,50.0,4,Karbür,DLC,5.571,EB
15.25,14.8,2,HSS,DLC,0.968,TM
12.58,41.1,3,Karbür,TiN,3.27,DW
8.6,46.5,4,Kobalt,DLC,5.402,RM
21.01,100.4,3,HSS,Kaplamasız,4.78,EM
7.99,37.8,6,Karbür,TiAlN,4.725,EM
11.69,50.7,4,HSS,Kaplamasız,4.336,TP
12.16,58.7,4,Kobalt,TiN,4.825,TP
16.7,75.0,6,Karbür,DLC,4.49,RM
14.0,42.4,2,Karbür,TiN,3.031,TP
36.08,127.1,0,Karbür,DLC,3.521,HL
4.94,22.6,4,Karbür,TiN,4.566,EB
9.9,43.6,3,Kobalt,TiAlN,4.407,TP
4.36,27.7,6,HSS,TiAlN,6.364,TP
6.23,26.9,3,Kobalt,Kaplamasız,4.32,RM
19.72,96.5,3,HSS,Kaplamasız,4.896,RM
12.02,20.8,4,Karbür,Kaplamasız,1.733,PT
16.76,99.7,6,Kobalt,TiAlN,5.949,RM
3.33,17.4,6,Karbür,TiAlN,5.219,DR
17.06,57.5,6,Kobalt,TiAlN,3.368,DW
17.46,58.9,3,Kobalt,TiAlN,3.373,ER
18.18,70.0,0,Karbür,TiN,3.853,HL
14.79,59.0,3,Kobalt,DLC,3.986,TP
46.55,118.9,0,HSS,TiN,2.554,HL
5.16,18.1,4,Karbür,Kaplamasız,3.504,PT
13.71,45.7,2,Karbür,Kaplamasız,3.33,TP
5.74,35.9,2,Karbür,Kaplamasız,6.243,EM
14.75,32.4,2,Karbür,TiAlN,2.198,PT
20.72,85.7,3,Kobalt,DLC,4.137,EM
22.2,60.4,2,Kobalt,Kaplamasız,2.722,DW
14.55,28.5,2,HSS,DLC,1.958,PT
23.11,73.9,4,Kobalt,TiAlN,3.199,DW
15.58,64.1,2,Karbür,Kaplamasız,4.113,TP
23.4,134.5,4,Kobalt,TiAlN,5.746,ER
14.56,80.2,3,HSS,TiAlN,5.51,EM
24.49,48.5,0,Kobalt,TiN,1.979,HL
41.92,100.2,0,HSS,TiN,2.389,HL
10.82,41.5,2,Karbür,TiN,3.839,DW
21.05,80.6,3,Karbür,Kaplamasız,3.83,EM
46.05,175.9,0,HSS,Kaplamasız,3.821,HL
15.67,14.9,2,Kobalt,TiAlN,0.954,PT
22.72,79.1,3,Karbür,TiN,3.479,DW
9.88,29.3,2,HSS,DLC,2.969,PT
24.67,103.2,2,Karbür,TiAlN,4.183,ER
19.63,52.0,6,HSS,TiN,2.651,DW
8.76,15.4,3,Kobalt,TiAlN,1.757,TM
6.47,44.4,3,Kobalt,TiN,6.867,DR
11.24,60.5,2,Karbür,TiN,5.383,ER
11.2,52.1,6,HSS,Kaplamasız,4.649,TP
14.53,65.0,6,Kobalt,DLC,4.473,RM
8.12,15.5,4,HSS,TiN,1.91,TM
23.42,66.6,6,HSS,Kaplamasız,2.843,EM
10.46,24.1,2,Kobalt,Kaplamasız,2.304,PT
3.41,16.2,2,Kobalt,TiAlN,4.757,TP
22.11,85.8,0,HSS,TiN,3.88,HL
3.71,21.4,4,Kobalt,Kaplamasız,5.758,EB
17.94,108.0,2,Kobalt,TiN,6.024,RM
7.76,36.1,3,HSS,TiN,4.643,EB
15.13,79.8,3,Kobalt,DLC,5.271,DR
18.26,111.4,2,HSS,TiAlN,6.104,EB
34.29,80.0,0,Kobalt,Kaplamasız,2.334,HL
38.63,61.8,4,Karbür,DLC,1.6,TM
18.44,33.5,2,Karbür,Kaplamasız,1.816,TM
12.04,26.2,2,Kobalt,TiN,2.178,DW
9.52,47.6,2,Karbür,TiN,5.001,EB
10.65,23.1,4,HSS,TiN,2.168,TM
14.3,75.0,3,Kobalt,TiAlN,5.249,EB
5.89,30.3,6,Kobalt,DLC,5.141,RM
10.29,50.4,4,Kobalt,DLC,4.899,TP
7.71,32.5,4,Kobalt,TiN,4.219,RM
6.74,16.4,6,Kobalt,TiN,2.44,DW
4.93,28.6,2,Karbür,DLC,5.811,DR
10.37,46.0,4,Karbür,TiN,4.441,TP
22.29,118.8,2,Kobalt,TiAlN,5.33,ER
11.41,49.9,4,Karbür,TiAlN,4.373,RM
6.76,20.3,4,HSS,Kaplamasız,3.009,PT
11.79,22.4,6,Karbür,TiN,1.898,PT
13.2,54.8,2,Karbür,TiAlN,4.154,TP
12.09,54.6,2,Karbür,Kaplamasız,4.519,DR
12.47,89.5,3,Karbür,TiAlN,7.178,DR
7.63,43.1,2,Karbür,TiAlN,5.652,EB
36.61,81.3,2,HSS,Kaplamasız,2.222,TM
14.43,67.1,3,HSS,TiAlN,4.652,TP
16.82,104.8,6,HSS,TiAlN,6.229,RM
3.87,12.1,2,Karbür,TiAlN,3.116,TP
11.7,83.9,3,Karbür,TiAlN,7.173,DR
37.64,110.9,0,Kobalt,TiN,2.947,HL
11.95,40.5,6,Karbür,TiN,3.391,TP
17.24,68.1,2,Kobalt,TiAlN,3.948,EB
14.06,81.4,3,Karbür,Kaplamasız,5.79,DR
5.33,21.2,6,HSS,Kaplamasız,3.982,PT
8.77,49.5,4,HSS,TiN,5.642,EB
11.01,20.9,6,Kobalt,TiN,1.899,DW
10.57,16.3,3,HSS,Kaplamasız,1.54,PT
12.39,21.7,3,Kobalt,Kaplamasız,1.753,TM
6.9,37.6,6,Karbür,DLC,5.442,RM
12.31,53.3,3,Karbür,DLC,4.327,ER
35.55,94.3,0,Kobalt,TiAlN,2.654,HL
46.48,154.1,0,HSS,TiN,3.316,HL
23.14,57.7,2,Kobalt,TiN,2.492,TM
6.96,31.2,6,Kobalt,Kaplamasız,4.483,DR
16.67,93.8,4,Karbür,Kaplamasız,5.626,DR
29.66,57.1,3,HSS,Kaplamasız,1.926,TM
30.75,81.4,0,Kobalt,TiAlN,2.646,HL
19.32,143.0,2,Karbür,TiAlN,7.405,RM
10.81,58.9,2,Kobalt,Kaplamasız,5.45,ER
9.19,9.6,3,Karbür,Kaplamasız,1.043,TM
12.39,34.4,2,Karbür,Kaplamasız,2.777,PT
9.46,46.9,6,HSS,Kaplamasız,4.958,TP
4.7,10.8,6,Karbür,DLC,2.296,ER
8.33,42.3,4,Kobalt,TiAlN,5.077,DR
12.43,18.7,2,Kobalt,TiN,1.505,DW
7.78,36.7,6,Karbür,DLC,4.719,RM
5.13,36.6,4,Kobalt,Kaplamasız,7.123,RM
14.15,65.6,3,HSS,DLC,4.639,TP
12.61,52.9,6,Kobalt,TiAlN,4.192,TP
28.02,36.0,4,Karbür,TiN,1.286,TM
11.55,80.7,3,HSS,DLC,6.987,DR
9.45,53.2,4,HSS,TiAlN,5.631,ER
4.48,10.4,6,Kobalt,Kaplamasız,2.329,PT
9.72,49.5,4,Karbür,Kaplamasız,5.095,EB
8.43,14.4,3,Karbür,Kaplamasız,1.714,PT
2.55,21.4,6,Karbür,TiN,8.417,DR
13.72,68.1,2,HSS,DLC,4.963,RM
48.63,157.7,0,Kobalt,Kaplamasız,3.243,HL
43.43,91.9,0,Karbür,DLC,2.117,HL
21.44,73.6,0,Kobalt,TiAlN,3.431,HL
19.69,115.0,3,HSS,TiAlN,5.842,EM
10.14,63.1,4,Karbür,TiN,6.226,EM
8.96,42.2,2,HSS,TiAlN,4.707,TP
15.08,46.2,2,Kobalt,TiN,3.062,TP
17.69,51.2,0,Karbür,TiAlN,2.892,HL
19.34,32.0,3,HSS,Kaplamasız,1.656,TM
18.49,21.0,2,HSS,TiN,1.136,TM
17.27,49.4,4,HSS,DLC,2.858,DW
6.32,28.1,6,Karbür,DLC,4.446,RM
24.85,55.8,6,Karbür,DLC,2.244,TM
13.54,79.0,3,HSS,DLC,5.835,EM
19.92,40.0,4,Karbür,DLC,2.007,DW
29.23,67.0,6,Kobalt,DLC,2.292,TM
15.68,57.9,3,HSS,Kaplamasız,3.694,EB
19.62,88.4,3,HSS,TiAlN,4.507,EM
18.43,30.4,3,HSS,Kaplamasız,1.652,TM
13.2,69.9,2,HSS,TiAlN,5.297,RM
13.97,43.4,2,Karbür,TiAlN,3.107,TP
8.84,35.4,2,Kobalt,TiAlN,3.999,TP
16.4,92.1,6,Karbür,DLC,5.617,DR
39.18,82.5,0,HSS,TiN,2.106,HL
6.65,42.2,6,Kobalt,Kaplamasız,6.343,ER
19.9,95.6,4,HSS,TiAlN,4.803,EM
11.08,41.8,2,Karbür,TiAlN,3.769,DW
17.12,107.5,6,Karbür,Kaplamasız,6.28,DR
38.85,116.2,0,HSS,TiAlN,2.992,HL
3.61,18.8,6,HSS,TiAlN,5.204,EM
5.27,8.0,3,HSS,TiAlN,1.518,PT
7.49,34.4,4,HSS,Kaplamasız,4.589,DR
3.3,17.2,6,HSS,TiAlN,5.221,DR
24.34,62.0,3,Kobalt,TiAlN,2.547,DW
3.45,30.8,2,Kobalt,Kaplamasız,8.933,DR
9.8,43.9,2,Kobalt,Kaplamasız,4.477,TP
5.24,8.5,3,HSS,DLC,1.618,PT
9.89,46.9,4,HSS,Kaplamasız,4.744,EB
26.57,87.9,0,Kobalt,DLC,3.31,HL
17.71,92.4,6,Karbür,TiN,5.219,DR
35.21,132.2,0,Kobalt,TiN,3.754,HL
8.15,18.3,3,Karbür,TiAlN,2.248,TP
9.79,68.7,2,Karbür,Kaplamasız,7.011,RM
29.51,49.7,2,Kobalt,TiN,1.684,TM
38.32,72.6,6,Kobalt,TiAlN,1.894,TM
34.36,33.4,2,HSS,TiAlN,0.971,TM
10.92,16.4,2,HSS,TiN,1.507,PT
13.01,26.6,6,Karbür,TiAlN,2.046,PT
13.39,38.1,6,HSS,TiN,2.849,PT
14.05,34.5,2,HSS,DLC,2.456,PT
17.86,128.3,2,Kobalt,TiAlN,7.186,DR
7.99,20.5,3,Kobalt,TiN,2.571,ER
10.05,21.9,2,Kobalt,Kaplamasız,2.177,PT
38.16,79.9,6,Kobalt,Kaplamasız,2.093,TM
6.59,41.0,4,Karbür,TiN,6.221,RM
7.81,19.6,4,HSS,Kaplamasız,2.506,PT
19.18,80.8,2,Kobalt,Kaplamasız,4.211,DR
20.06,54.1,4,Karbür,DLC,2.697,DW
14.47,84.7,4,HSS,TiAlN,5.857,DR
6.14,20.5,6,Karbür,Kaplamasız,3.343,PT
39.13,107.6,0,Karbür,TiAlN,2.749,HL
4.56,11.6,2,Karbür,Kaplamasız,2.549,PT
29.11,66.3,3,Karbür,Kaplamasız,2.276,TM
9.62,23.5,2,Kobalt,TiN,2.439,DW
11.87,42.2,2,Kobalt,TiN,3.557,EB
14.9,66.8,4,Karbür,TiAlN,4.482,ER
18.75,131.2,4,Karbür,DLC,6.998,DR
18.41,110.4,3,Kobalt,DLC,5.998,DR
7.51,23.5,6,Kobalt,Kaplamasız,3.125,TP
42.66,113.3,0,Kobalt,Kaplamasız,2.657,HL
13.97,67.1,4,HSS,TiAlN,4.802,RM
2.34,13.8,2,Kobalt,Kaplamasız,5.902,DR
13.18,58.5,6,HSS,Kaplamasız,4.441,ER
22.09,112.1,2,Karbür,TiN,5.077,ER
7.15,41.1,6,Kobalt,Kaplamasız,5.743,DR
10.27,16.8,4,HSS,DLC,1.634,PT
7.18,40.8,2,Kobalt,DLC,5.683,RM
6.13,20.4,4,Kobalt,DLC,3.326,PT
24.7,23.6,4,Kobalt,Kaplamasız,0.957,TM
9.42,35.7,2,HSS,TiAlN,3.795,TP
22.2,89.8,6,Kobalt,DLC,4.045,ER
11.17,26.7,3,HSS,TiN,2.394,PT
6.12,13.4,6,Kobalt,TiN,2.188,DW
17.15,112.4,3,HSS,DLC,6.554,RM
14.47,64.8,3,Kobalt,TiAlN,4.481,EB
16.76,54.7,2,HSS,TiN,3.261,EM
5.22,29.9,3,Karbür,DLC,5.729,EB
27.05,42.0,4,Karbür,Kaplamasız,1.551,TM
11.91,78.5,6,Kobalt,DLC,6.594,DR
12.23,49.1,4,Kobalt,DLC,4.016,DR
9.34,61.5,6,Karbür,Kaplamasız,6.587,RM
6.86,18.4,3,Karbür,DLC,2.678,PT
10.97,68.2,6,Karbür,TiN,6.217,RM
12.9,68.9,4,Karbür,Kaplamasız,5.346,EM
48.8,166.0,0,Karbür,DLC,3.402,HL
23.75,114.3,6,HSS,TiN,4.814,EM
5.29,27.1,2,Karbür,TiN,5.121,RM
3.97,23.2,3,HSS,DLC,5.859,EM
11.97,64.3,4,Karbür,TiAlN,5.369,ER
4.73,15.7,2,Karbür,Kaplamasız,3.311,TP
21.67,80.4,4,Kobalt,TiAlN,3.709,EM
14.56,56.6,2,Kobalt,TiAlN,3.89,TP
7.06,24.1,6,Kobalt,TiN,3.419,RM
14.97,92.4,4,Karbür,Kaplamasız,6.175,RM
7.36,55.3,3,Karbür,DLC,7.51,DR
36.28,74.8,4,Karbür,Kaplamasız,2.061,TM
18.96,88.4,6,HSS,TiN,4.662,DR
26.67,73.5,0,HSS,TiN,2.755,HL
8.55,10.7,4,Kobalt,TiN,1.248,PT
19.56,71.1,6,Kobalt,Kaplamasız,3.635,DW
9.97,42.8,6,Kobalt,DLC,4.296,RM
3.06,22.6,6,Karbür,DLC,7.403,DR
21.15,71.5,6,Karbür,TiAlN,3.379,DW
19.95,74.7,4,Karbür,TiN,3.743,EM
24.22,52.9,4,HSS,TiN,2.184,DW
12.65,33.2,3,Kobalt,TiN,2.626,PT
13.95,67.2,4,Kobalt,TiN,4.816,TP
9.05,61.6,4,HSS,TiN,6.806,DR
34.62,63.0,3,HSS,TiN,1.821,TM
4.75,30.2,3,Kobalt,DLC,6.348,DR
6.18,12.8,6,HSS,TiAlN,2.074,DW
19.34,108.2,6,Karbür,TiN,5.594,EB
34.71,100.1,0,Karbür,TiAlN,2.885,HL
19.95,74.1,4,Karbür,Kaplamasız,3.715,ER
3.23,16.3,6,HSS,TiAlN,5.052,EB
5.95,31.7,3,Karbür,DLC,5.33,ER
16.26,88.2,6,HSS,TiN,5.425,DR
8.27,40.3,4,HSS,Kaplamasız,4.87,ER
23.34,87.2,6,HSS,TiN,3.734,EM
16.84,85.7,2,HSS,DLC,5.092,EM
6.33,24.4,6,Karbür,Kaplamasız,3.859,DW
13.41,101.7,3,HSS,TiAlN,7.585,DR
37.11,53.0,2,Karbür,TiAlN,1.429,TM
8.17,48.1,4,Kobalt,Kaplamasız,5.883,DR
23.05,48.8,3,Karbür,TiAlN,2.119,TM
24.25,52.4,0,HSS,TiAlN,2.161,HL
16.84,83.3,2,Karbür,TiAlN,4.947,DR
14.64,30.2,4,HSS,TiN,2.063,PT
19.33,99.6,2,Karbür,Kaplamasız,5.151,RM
15.88,35.7,2,Karbür,TiN,2.249,PT
17.0,69.5,6,HSS,DLC,4.086,RM
13.96,51.3,6,Kobalt,TiAlN,3.671,ER
19.82,56.9,2,Kobalt,DLC,2.873,DW
23.79,49.5,6,Karbür,TiAlN,2.083,TM
48.59,148.2,0,Karbür,TiAlN,3.051,HL
12.6,38.8,4,Karbür,DLC,3.082,ER
39.51,71.1,6,HSS,TiN,1.801,TM
25.92,36.8,6,HSS,Kaplamasız,1.419,TM
15.47,55.4,4,HSS,DLC,3.58,DW
18.78,49.5,3,HSS,TiAlN,2.635,ER
8.76,40.0,3,HSS,DLC,4.566,ER
10.23,38.9,6,Kobalt,TiN,3.802,DW
13.74,89.6,6,HSS,Kaplamasız,6.524,RM
17.61,76.9,6,HSS,Kaplamasız,4.366,ER
5.53,15.0,3,Karbür,TiAlN,2.707,EM
9.04,65.9,4,Karbür,Kaplamasız,7.283,DR
17.9,59.5,3,Kobalt,DLC,3.325,ER
20.63,77.9,3,Kobalt,DLC,3.778,EM
36.24,89.2,0,HSS,TiAlN,2.462,HL
33.59,120.9,0,Karbür,TiN,3.599,HL
13.02,85.0,2,Kobalt,TiN,6.527,EB
19.78,44.9,6,HSS,DLC,2.272,DW
14.15,76.6,4,Karbür,TiAlN,5.413,EB
5.52,16.5,4,Kobalt,DLC,2.994,ER
11.36,59.6,3,Karbür,Kaplamasız,5.244,RM
20.77,71.1,0,Kobalt,DLC,3.422,HL
15.2,85.7,3,Kobalt,TiN,5.638,EB
12.42,23.9,4,HSS,Kaplamasız,1.922,PT
26.78,38.6,2,Kobalt,TiAlN,1.442,TM
21.06,76.1,3,Kobalt,Kaplamasız,3.615,DW
23.58,85.9,0,Kobalt,DLC,3.644,HL
34.8,132.7,0,Karbür,Kaplamasız,3.813,HL
17.31,89.5,3,Karbür,Kaplamasız,5.17,RM
22.74,71.0,6,Karbür,TiN,3.124,EM
12.18,56.9,4,Kobalt,Kaplamasız,4.672,EB
21.51,74.4,2,HSS,TiN,3.459,EM
14.48,121.5,4,Karbür,DLC,8.396,DR
20.32,82.0,4,HSS,DLC,4.032,ER
7.17,22.4,2,HSS,TiAlN,3.125,PT
33.82,88.2,0,Kobalt,TiAlN,2.609,HL
14.78,42.9,2,HSS,TiAlN,2.905,DW
13.86,23.0,6,Kobalt,TiAlN,1.662,TM
10.05,31.2,4,HSS,TiAlN,3.106,DW
15.04,21.8,2,Karbür,TiAlN,1.452,PT
33.32,71.2,2,Kobalt,DLC,2.136,TM
15.2,39.5,2,HSS,DLC,2.598,PT
13.93,71.2,6,HSS,DLC,5.108,TP
7.27,33.6,4,Kobalt,Kaplamasız,4.628,EM
8.7,20.3,3,HSS,TiAlN,2.336,DW
19.06,98.5,2,Karbür,Kaplamasız,5.167,EB
13.36,48.6,3,HSS,Kaplamasız,3.634,TP
5.39,24.8,2,Kobalt,TiAlN,4.611,DR
14.56,87.0,6,Kobalt,DLC,5.974,EB
5.57,39.0,2,Kobalt,TiN,6.996,RM
9.75,59.9,6,Karbür,TiN,6.142,EB
14.14,76.1,2,Karbür,Kaplamasız,5.385,ER
6.05,22.8,3,Karbür,Kaplamasız,3.773,DW
