holder_id,interface,machine,operator,checkout_time,return_time,duration_min,machine_compatible,is_anomaly,anomaly_type,hour,is_weekend
HLD-BBT50-05,BBT50,WS08,Operatör_6,2026-08-01 19:16:00,2026-08-01 21:17:29.264115390,121.5,1,1,mesai_disi,19,1
HLD-HSK63-04,HSK63,WS07,Operatör_1,2026-08-01 21:30:00,2026-08-02 00:04:05.694880359,154.1,1,1,mesai_disi,21,1
HLD-BBT30-03,BBT30,WS09,Operatör_7,2026-08-02 20:05:00,2026-08-02 21:53:36.791662242,108.6,1,1,mesai_disi,20,1
HLD-BBT30-05,BBT30,WS09,Operatör_4,2026-08-03 08:00:00,2026-08-03 10:12:39.261751400,132.7,1,0,normal,8,0
HLD-SK40-03,SK40,WS03,Operatör_8,2026-08-03 09:50:00,2026-08-03 12:02:47.605051526,132.8,1,0,normal,9,0
HLD-BBT50-04,BBT50,WS08,Operatör_7,2026-08-03 11:15:00,2026-08-03 14:25:34.157963531,190.6,1,0,normal,11,0
HLD-BT40-05,BT40,WS02,Operatör_1,2026-08-03 11:47:00,2026-08-03 13:03:30.031754270,76.5,1,0,normal,11,0
HLD-BBT50-02,BBT50,WS08,Operatör_4,2026-08-03 12:04:00,2026-08-03 14:57:45.811273676,173.8,1,0,normal,12,0
HLD-SK40-02,SK40,WS03,Operatör_3,2026-08-03 13:27:00,2026-08-03 14:53:49.073187281,86.8,1,0,normal,13,0
HLD-CAPTO-03,CAPTO,WS10,Operatör_6,2026-08-03 13:43:00,2026-08-03 16:11:07.632625512,148.1,1,0,normal,13,0
HLD-BBT30-05,BBT30,WS09,Operatör_4,2026-08-03 14:13:00,2026-08-03 15:49:10.722444395,96.2,1,0,normal,14,0
HLD-BBT30-02,BBT30,WS09,Operatör_8,2026-08-03 14:20:00,2026-08-03 23:32:08.048646571,552.1,1,1,gec_iade,14,0
HLD-CAPTO-05,CAPTO,WS10,Operatör_4,2026-08-03 14:50:00,2026-08-03 16:42:28.180758277,112.5,1,0,normal,14,0
HLD-BBT50-03,BBT50,WS08,Operatör_4,2026-08-03 16:05:00,2026-08-03 17:47:08.832826564,102.1,1,0,normal,16,0
HLD-CAPTO-01,CAPTO,WS10,Operatör_3,2026-08-03 16:11:00,2026-08-03 18:58:31.979732096,167.5,1,0,normal,16,0
HLD-BBT50-05,BBT50,WS08,Operatör_8,2026-08-04 06:45:00,2026-08-04 08:52:16.567093294,127.3,1,1,mesai_disi,6,0
HLD-HSK100-03,HSK100,WS05,Operatör_6,2026-08-04 08:10:00,2026-08-04 10:23:54.558330743,133.9,1,0,normal,8,0
HLD-SK40-05,SK40,WS10,Operatör_6,2026-08-04 09:51:00,2026-08-04 11:35:25.182570085,104.4,0,1,uyumsuz_makine,9,0
HLD-HSK100-01,HSK100,WS05,Operatör_7,2026-08-04 10:13:00,2026-08-04 12:31:05.794955729,138.1,1,0,normal,10,0
HLD-BBT50-01,BBT50,WS08,Operatör_6,2026-08-04 11:26:00,2026-08-04 13:03:45.320783431,97.8,1,0,normal,11,0
HLD-CAPTO-05,CAPTO,WS10,Operatör_1,2026-08-04 12:24:00,2026-08-04 14:30:47.201455826,126.8,1,0,normal,12,0
HLD-BT40-01,BT40,WS02,Operatör_8,2026-08-04 12:39:00,2026-08-04 13:52:54.349079416,73.9,1,0,normal,12,0
HLD-CAPTO-01,CAPTO,WS10,Operatör_8,2026-08-04 12:50:00,2026-08-04 21:22:00.672252492,512.0,1,1,gec_iade,12,0
HLD-BBT30-04,BBT30,WS09,Operatör_8,2026-08-04 12:58:00,2026-08-04 15:03:47.780685705,125.8,1,0,normal,12,0
HLD-BT40-03,BT40,WS06,Operatör_4,2026-08-04 13:20:00,2026-08-04 14:56:11.099472879,96.2,1,0,normal,13,0
HLD-HSK100-05,HSK100,WS05,Operatör_2,2026-08-04 15:16:00,2026-08-04 16:30:00.210840604,74.0,1,0,normal,15,0
HLD-SK40-05,SK40,WS03,Operatör_8,2026-08-04 16:07:00,2026-08-04 17:39:50.051490878,92.8,1,0,normal,16,0
HLD-HSK100-05,HSK100,WS05,Operatör_8,2026-08-05 08:18:00,2026-08-05 10:09:29.905999517,111.5,1,0,normal,8,0
HLD-BBT50-04,BBT50,WS08,Operatör_8,2026-08-05 09:02:00,2026-08-05 11:15:46.755466184,133.8,1,0,normal,9,0
HLD-BBT50-01,BBT50,WS08,Operatör_7,2026-08-05 09:30:00,2026-08-05 10:36:27.922601501,66.5,1,0,normal,9,0
HLD-BT40-04,BT40,WS02,Operatör_8,2026-08-05 09:46:00,2026-08-05 11:55:18.258028372,129.3,1,0,normal,9,0
HLD-SK40-01,SK40,WS03,Operatör_6,2026-08-05 11:13:00,2026-08-05 13:57:13.956833479,164.2,1,0,normal,11,0
HLD-BBT30-04,BBT30,WS09,Operatör_1,2026-08-05 11:15:00,2026-08-05 13:18:00.306769191,123.0,1,0,normal,11,0
HLD-BT40-01,BT40,WS02,Operatör_4,2026-08-05 11:25:00,2026-08-05 11:58:39.817010740,33.7,1,0,normal,11,0
HLD-BBT50-03,BBT50,WS08,Operatör_4,2026-08-05 11:49:00,2026-08-05 14:26:30.373879899,157.5,1,0,normal,11,0
HLD-BBT40-02,BBT40,WS04,Operatör_7,2026-08-05 12:03:00,2026-08-05 14:12:39.780892171,129.7,1,0,normal,12,0
HLD-BBT30-05,BBT30,WS09,Operatör_8,2026-08-05 14:15:00,2026-08-05 15:23:38.168481862,68.6,1,0,normal,14,0
HLD-SK40-02,SK40,WS03,Operatör_8,2026-08-05 14:47:00,2026-08-05 15:53:31.589601990,66.5,1,0,normal,14,0
HLD-CAPTO-02,CAPTO,WS10,Operatör_5,2026-08-05 15:51:00,2026-08-05 17:47:04.744187719,116.1,1,0,normal,15,0
HLD-CAPTO-02,CAPTO,WS10,Operatör_5,2026-08-06 08:04:00,2026-08-06 09:46:51.026225613,102.9,1,0,normal,8,0
HLD-CAPTO-01,CAPTO,WS10,Operatör_1,2026-08-06 08:22:00,2026-08-06 10:08:14.875048970,106.2,1,0,normal,8,0
HLD-BBT40-03,BBT40,WS04,Operatör_1,2026-08-06 08:34:00,2026-08-06 10:32:10.695223679,118.2,1,0,normal,8,0
HLD-CAPTO-05,CAPTO,WS10,Operatör_2,2026-08-06 08:40:00,2026-08-06 10:02:27.422095473,82.5,1,0,normal,8,0
HLD-BBT50-01,BBT50,WS08,Operatör_2,2026-08-06 08:48:00,2026-08-06 08:56:10.312509228,8.2,1,0,normal,8,0
HLD-BT40-01,BT40,WS02,Operatör_7,2026-08-06 09:35:00,2026-08-06 11:03:45.947789065,88.8,1,0,normal,9,0
HLD-BBT40-01,BBT40,WS04,Operatör_6,2026-08-06 09:42:00,2026-08-06 12:18:05.180269342,156.1,1,0,normal,9,0
HLD-SK40-05,SK40,WS03,Operatör_5,2026-08-06 10:05:00,2026-08-06 11:39:48.072268603,94.8,1,0,normal,10,0
HLD-BBT40-03,BBT40,WS04,Operatör_4,2026-08-06 10:28:00,2026-08-06 12:48:53.414340124,140.9,1,0,normal,10,0
HLD-BBT50-02,BBT50,WS08,Operatör_7,2026-08-06 12:35:00,2026-08-06 14:13:54.979152342,98.9,1,0,normal,12,0
HLD-BBT30-02,BBT30,WS09,Operatör_2,2026-08-06 13:11:00,2026-08-06 14:48:55.017446993,97.9,1,0,normal,13,0
HLD-BBT30-04,BBT30,WS09,Operatör_7,2026-08-06 14:39:00,2026-08-06 17:09:45.901947283,150.8,1,0,normal,14,0
HLD-SK40-03,SK40,WS03,Operatör_4,2026-08-06 14:43:00,2026-08-06 23:25:07.715138673,522.1,1,1,gec_iade,14,0
HLD-SK40-04,SK40,WS03,Operatör_5,2026-08-06 15:31:00,2026-08-06 17:13:55.440748437,102.9,1,0,normal,15,0
HLD-BBT40-01,BBT40,WS04,Operatör_2,2026-08-06 16:29:00,2026-08-06 17:43:46.741769388,74.8,1,0,normal,16,0
HLD-HSK63-03,HSK63,WS07,Operatör_2,2026-08-06 16:29:00,2026-08-06 18:05:39.022686928,96.7,1,0,normal,16,0
HLD-BBT50-02,BBT50,WS08,Operatör_8,2026-08-06 16:44:00,2026-08-06 19:21:02.325391254,157.0,1,0,normal,16,0
HLD-BBT30-03,BBT30,WS09,Operatör_2,2026-08-06 16:54:00,2026-08-06 19:12:42.858138911,138.7,1,0,normal,16,0
HLD-BT40-01,BT40,WS06,Operatör_3,2026-08-07 08:50:00,2026-08-07 10:21:52.124069977,91.9,1,0,normal,8,0
HLD-BBT30-02,BBT30,WS09,Operatör_6,2026-08-07 10:42:00,2026-08-07 14:06:26.945439495,204.4,1,0,normal,10,0
HLD-BBT50-01,BBT50,WS08,Operatör_8,2026-08-07 10:51:00,2026-08-07 13:07:15.640574797,136.3,1,0,normal,10,0
HLD-BBT40-03,BBT40,WS04,Operatör_8,2026-08-07 11:30:00,2026-08-07 13:31:15.012022855,121.3,1,0,normal,11,0
HLD-BBT40-01,BBT40,WS04,Operatör_4,2026-08-07 12:28:00,2026-08-07 14:04:57.033204356,97.0,1,0,normal,12,0
HLD-BBT30-02,BBT30,WS09,Operatör_5,2026-08-07 12:59:00,2026-08-07 13:46:15.972675593,47.3,1,0,normal,12,0
HLD-BT40-05,BT40,WS02,Operatör_6,2026-08-07 13:06:00,2026-08-07 14:53:32.378045625,107.5,1,0,normal,13,0
HLD-CAPTO-02,CAPTO,WS10,Operatör_3,2026-08-07 13:34:00,2026-08-07 13:48:18.141836603,14.3,1,0,normal,13,0
HLD-HSK100-05,HSK100,WS05,Operatör_1,2026-08-07 13:34:00,2026-08-07 16:17:19.039340891,163.3,1,0,normal,13,0
HLD-BBT40-02,BBT40,WS04,Operatör_6,2026-08-07 13:53:00,2026-08-07 15:42:30.073950304,109.5,1,0,normal,13,0
HLD-HSK63-01,HSK63,WS07,Operatör_8,2026-08-07 14:18:00,2026-08-07 16:48:41.936696440,150.7,1,0,normal,14,0
HLD-BBT30-03,BBT30,WS09,Operatör_2,2026-08-07 14:45:00,2026-08-07 16:39:42.381705211,114.7,1,0,normal,14,0
HLD-BT40-03,BT40,WS02,Operatör_1,2026-08-07 15:11:00,2026-08-07 16:20:00.382968545,69.0,1,0,normal,15,0
HLD-SK40-01,SK40,WS03,Operatör_4,2026-08-07 16:07:00,2026-08-07 18:30:02.080482372,143.0,1,0,normal,16,0
HLD-BBT40-03,BBT40,WS04,Operatör_6,2026-08-08 21:11:00,2026-08-08 23:55:16.268231628,164.3,1,1,mesai_disi,21,1
HLD-SK40-02,SK40,WS03,Operatör_6,2026-08-09 07:21:00,2026-08-09 09:16:54.113485335,115.9,1,1,mesai_disi,7,1
HLD-BT40-03,BT40,WS06,Operatör_6,2026-08-09 07:59:00,2026-08-09 09:38:57.320261669,100.0,1,1,mesai_disi,7,1
HLD-BT40-03,BT40,WS02,Operatör_5,2026-08-09 19:53:00,2026-08-09 21:42:30.828911389,109.5,1,1,mesai_disi,19,1
HLD-BBT40-04,BBT40,WS04,Operatör_2,2026-08-10 09:09:00,2026-08-10 11:42:56.063174874,153.9,1,0,normal,9,0
HLD-BBT50-04,BBT50,WS08,Operatör_6,2026-08-10 09:43:00,2026-08-10 11:15:27.872234981,92.5,1,0,normal,9,0
HLD-SK40-01,SK40,WS03,Operatör_1,2026-08-10 11:11:00,2026-08-10 12:21:29.562815886,70.5,1,0,normal,11,0
HLD-BT40-02,BT40,WS02,Operatör_6,2026-08-10 11:17:00,2026-08-10 13:02:46.778668922,105.8,1,0,normal,11,0
HLD-SK40-05,SK40,WS03,Operatör_7,2026-08-10 11:55:00,2026-08-10 13:34:04.969643374,99.1,1,0,normal,11,0
HLD-CAPTO-05,CAPTO,WS10,Operatör_1,2026-08-10 12:23:00,2026-08-10 13:53:31.694720713,90.5,1,0,normal,12,0
HLD-HSK63-01,HSK63,WS01,Operatör_7,2026-08-10 12:42:00,2026-08-10 13:48:45.062279054,66.8,1,0,normal,12,0
HLD-SK40-04,SK40,WS03,Operatör_6,2026-08-10 13:36:00,2026-08-10 14:58:35.244160076,82.6,1,0,normal,13,0
HLD-BBT30-02,BBT30,WS02,Operatör_5,2026-08-10 14:24:00,2026-08-10 16:35:31.980169048,131.5,0,1,uyumsuz_makine,14,0
HLD-BT40-05,BT40,WS02,Operatör_5,2026-08-10 14:55:00,2026-08-10 16:46:04.517736597,111.1,1,0,normal,14,0
HLD-BBT40-02,BBT40,WS04,Operatör_3,2026-08-10 15:25:00,2026-08-10 17:51:25.974807760,146.4,1,0,normal,15,0
HLD-SK40-03,SK40,WS03,Operatör_5,2026-08-10 15:32:00,2026-08-10 17:45:13.727004410,133.2,1,0,normal,15,0
HLD-BBT30-03,BBT30,WS09,Operatör_5,2026-08-10 15:51:00,2026-08-10 17:33:27.608782122,102.5,1,0,normal,15,0
HLD-BBT40-05,BBT40,WS04,Operatör_5,2026-08-10 16:08:00,2026-08-10 18:21:54.662154634,133.9,1,0,normal,16,0
HLD-BT40-05,BT40,WS06,Operatör_3,2026-08-10 16:15:00,2026-08-10 18:01:46.410385343,106.8,1,0,normal,16,0
HLD-BT40-02,BT40,WS06,Operatör_5,2026-08-11 10:45:00,2026-08-11 11:51:22.365948133,66.4,1,0,normal,10,0
HLD-BBT40-02,BBT40,WS04,Operatör_5,2026-08-11 11:36:00,2026-08-11 14:14:59.395560230,159.0,1,0,normal,11,0
HLD-BBT40-02,BBT40,WS04,Operatör_7,2026-08-11 11:37:00,2026-08-11 14:16:37.585645253,159.6,1,0,normal,11,0
HLD-HSK63-04,HSK63,WS01,Operatör_5,2026-08-11 14:11:00,2026-08-11 15:55:08.588677480,104.1,1,0,normal,14,0
HLD-HSK100-05,HSK100,WS05,Operatör_2,2026-08-11 14:57:00,2026-08-11 18:13:16.614546375,196.3,1,0,normal,14,0
HLD-BBT30-05,BBT30,WS09,Operatör_8,2026-08-11 14:59:00,2026-08-11 17:40:25.907347460,161.4,1,0,normal,14,0
HLD-BT40-04,BT40,WS02,Operatör_8,2026-08-11 15:15:00,2026-08-11 17:30:59.021423236,136.0,1,0,normal,15,0
HLD-BBT40-03,BBT40,WS04,Operatör_5,2026-08-11 15:31:00,2026-08-11 16:50:03.821403896,79.1,1,0,normal,15,0
HLD-BBT50-01,BBT50,WS08,Operatör_6,2026-08-12 09:11:00,2026-08-12 11:45:21.552116983,154.4,1,0,normal,9,0
HLD-HSK63-03,HSK63,WS07,Operatör_7,2026-08-12 09:24:00,2026-08-12 11:20:57.433585914,117.0,1,0,normal,9,0
HLD-HSK100-05,HSK100,WS05,Operatör_6,2026-08-12 10:27:00,2026-08-12 13:05:09.381869374,158.2,1,0,normal,10,0
HLD-BBT30-03,BBT30,WS09,Operatör_4,2026-08-12 10:43:00,2026-08-12 12:12:06.879006321,89.1,1,0,normal,10,0
HLD-HSK63-05,HSK63,WS07,Operatör_2,2026-08-12 11:04:00,2026-08-12 12:26:13.962941040,82.2,1,0,normal,11,0
HLD-BBT40-05,BBT40,WS04,Operatör_6,2026-08-12 12:36:00,2026-08-12 15:26:25.918698327,170.4,1,0,normal,12,0
HLD-BT40-02,BT40,WS06,Operatör_8,2026-08-12 14:11:00,2026-08-13 03:16:24.969223664,785.4,1,1,gec_iade,14,0
HLD-SK40-04,SK40,WS03,Operatör_2,2026-08-12 14:22:00,2026-08-12 17:08:12.374326028,166.2,1,0,normal,14,0
HLD-HSK63-03,HSK63,WS07,Operatör_2,2026-08-12 14:42:00,2026-08-13 01:53:12.063871629,671.2,1,1,gec_iade,14,0
HLD-HSK63-02,HSK63,WS01,Operatör_6,2026-08-12 15:52:00,2026-08-12 18:40:52.355059775,168.9,1,0,normal,15,0
HLD-BBT50-04,BBT50,WS08,Operatör_1,2026-08-12 16:34:00,2026-08-12 18:33:21.676768720,119.4,1,0,normal,16,0
HLD-CAPTO-03,CAPTO,WS10,Operatör_5,2026-08-13 08:14:00,2026-08-13 09:06:01.166395490,52.0,1,0,normal,8,0
HLD-HSK100-03,HSK100,WS05,Operatör_5,2026-08-13 08:26:00,2026-08-13 10:31:06.456109002,125.1,1,0,normal,8,0
HLD-BT40-03,BT40,WS06,Operatör_5,2026-08-13 08:36:00,2026-08-13 10:49:00.308097069,133.0,1,0,normal,8,0
HLD-HSK63-03,HSK63,WS01,Operatör_4,2026-08-13 09:04:00,2026-08-13 12:09:45.658633099,185.8,1,0,normal,9,0
HLD-CAPTO-02,CAPTO,WS10,Operatör_3,2026-08-13 09:08:00,2026-08-13 11:13:08.693483280,125.1,1,0,normal,9,0
HLD-BBT50-04,BBT50,WS08,Operatör_8,2026-08-13 09:12:00,2026-08-13 11:41:13.534633838,149.2,1,0,normal,9,0
HLD-CAPTO-01,CAPTO,WS10,Operatör_7,2026-08-13 09:14:00,2026-08-13 10:47:47.098740739,93.8,1,0,normal,9,0
HLD-BBT30-02,BBT30,WS09,Operatör_2,2026-08-13 10:21:00,2026-08-13 12:43:32.767381330,142.5,1,0,normal,10,0
HLD-BBT50-05,BBT50,WS08,Operatör_4,2026-08-13 10:36:00,2026-08-13 12:01:09.509092265,85.2,1,0,normal,10,0
HLD-SK40-01,SK40,WS03,Operatör_6,2026-08-13 10:59:00,2026-08-13 13:13:42.782278132,134.7,1,0,normal,10,0
HLD-BBT40-04,BBT40,WS04,Operatör_2,2026-08-13 12:37:00,2026-08-13 14:40:23.372977385,123.4,1,0,normal,12,0
HLD-BBT50-05,BBT50,WS08,Operatör_4,2026-08-13 13:10:00,2026-08-13 14:57:34.803187974,107.6,1,0,normal,13,0
HLD-SK40-01,SK40,WS03,Operatör_3,2026-08-13 13:29:00,2026-08-13 15:45:40.793532687,136.7,1,0,normal,13,0
HLD-SK40-02,SK40,WS03,Operatör_4,2026-08-13 13:30:00,2026-08-13 15:45:52.993284585,135.9,1,0,normal,13,0
HLD-BBT40-02,BBT40,WS04,Operatör_7,2026-08-13 15:09:00,2026-08-13 16:41:36.518450986,92.6,1,0,normal,15,0
HLD-BT40-05,BT40,WS02,Operatör_5,2026-08-14 08:16:00,2026-08-14 10:45:01.002178688,149.0,1,0,normal,8,0
HLD-BBT50-03,BBT50,WS08,Operatör_2,2026-08-14 10:01:00,2026-08-14 11:49:28.016941784,108.5,1,0,normal,10,0
HLD-SK40-05,SK40,WS03,Operatör_2,2026-08-14 10:40:00,2026-08-14 13:07:27.904680361,147.5,1,0,normal,10,0
HLD-BBT30-02,BBT30,WS09,Operatör_6,2026-08-14 11:34:00,2026-08-14 14:12:28.098580024,158.5,1,0,normal,11,0
HLD-CAPTO-05,CAPTO,WS10,Operatör_4,2026-08-14 11:36:00,2026-08-14 13:30:01.584281506,114.0,1,0,normal,11,0
HLD-HSK100-04,HSK100,WS05,Operatör_2,2026-08-14 11:44:00,2026-08-14 13:29:02.246600574,105.0,1,0,normal,11,0
HLD-SK40-05,SK40,WS03,Operatör_5,2026-08-14 11:44:00,2026-08-14 13:33:57.032748189,110.0,1,0,normal,11,0
HLD-HSK63-05,HSK63,WS07,Operatör_4,2026-08-14 12:27:00,2026-08-14 13:42:01.808672380,75.0,1,0,normal,12,0
HLD-BBT50-03,BBT50,WS08,Operatör_5,2026-08-14 13:53:00,2026-08-14 16:24:02.451758779,151.0,1,0,normal,13,0
HLD-HSK63-01,HSK63,WS07,Operatör_8,2026-08-14 14:41:00,2026-08-14 17:04:15.884244344,143.3,1,0,normal,14,0
HLD-HSK100-01,HSK100,WS05,Operatör_1,2026-08-14 15:00:00,2026-08-14 16:14:55.351802159,74.9,1,0,normal,15,0
HLD-BBT40-03,BBT40,WS04,Operatör_7,2026-08-14 15:07:00,2026-08-14 17:45:40.728272976,158.7,1,0,normal,15,0
HLD-BBT40-01,BBT40,WS04,Operatör_3,2026-08-14 15:16:00,2026-08-14 16:45:18.837474448,89.3,1,0,normal,15,0
HLD-SK40-05,SK40,WS03,Operatör_3,2026-08-14 15:28:00,2026-08-14 17:20:56.458619250,112.9,1,0,normal,15,0
HLD-CAPTO-04,CAPTO,WS10,Operatör_2,2026-08-14 16:04:00,2026-08-14 18:16:53.182597420,132.9,1,0,normal,16,0
HLD-CAPTO-02,CAPTO,WS10,Operatör_4,2026-08-14 16:07:00,2026-08-14 17:12:19.201423739,65.3,1,0,normal,16,0
HLD-SK40-04,SK40,WS03,Operatör_2,2026-08-14 16:37:00,2026-08-14 18:08:07.058902005,91.1,1,0,normal,16,0
HLD-BBT50-04,BBT50,WS08,Operatör_5,2026-08-14 16:42:00,2026-08-14 17:52:51.860062417,70.9,1,0,normal,16,0
HLD-BT40-03,BT40,WS06,Operatör_6,2026-08-14 16:55:00,2026-08-14 18:48:05.294644557,113.1,1,0,normal,16,0
HLD-BBT30-01,BBT30,WS09,Operatör_6,2026-08-14 21:42:00,2026-08-14 22:14:48.840687902,32.8,1,1,mesai_disi,21,0
HLD-BT40-03,BT40,WS06,Operatör_4,2026-08-15 19:14:00,2026-08-15 20:49:04.720162844,95.1,1,1,mesai_disi,19,1
HLD-HSK100-01,HSK100,WS05,Operatör_2,2026-08-15 20:22:00,2026-08-15 23:06:38.439129067,164.6,1,1,mesai_disi,20,1
HLD-BBT30-04,BBT30,WS09,Operatör_4,2026-08-15 21:36:00,2026-08-15 23:24:28.952036017,108.5,1,1,mesai_disi,21,1
HLD-BBT40-04,BBT40,WS04,Operatör_7,2026-08-16 21:04:00,2026-08-16 23:01:41.394492711,117.7,1,1,mesai_disi,21,1
HLD-HSK63-03,HSK63,WS01,Operatör_3,2026-08-16 21:59:00,2026-08-16 23:37:07.280238244,98.1,1,1,mesai_disi,21,1
HLD-HSK63-03,HSK63,WS01,Operatör_4,2026-08-17 08:14:00,2026-08-17 09:55:14.639302088,101.2,1,0,normal,8,0
HLD-CAPTO-05,CAPTO,WS10,Operatör_4,2026-08-17 09:27:00,2026-08-17 12:02:09.298530281,155.2,1,0,normal,9,0
HLD-BT40-03,BT40,WS06,Operatör_5,2026-08-17 10:17:00,2026-08-17 13:07:22.367054894,170.4,1,0,normal,10,0
HLD-CAPTO-03,CAPTO,WS10,Operatör_1,2026-08-17 11:01:00,2026-08-18 00:20:39.205581955,799.7,1,1,gec_iade,11,0
HLD-SK40-05,SK40,WS03,Operatör_1,2026-08-17 11:51:00,2026-08-17 13:45:34.798353502,114.6,1,0,normal,11,0
HLD-BBT50-02,BBT50,WS08,Operatör_2,2026-08-17 12:28:00,2026-08-17 14:22:46.631153894,114.8,1,0,normal,12,0
HLD-HSK100-04,HSK100,WS05,Operatör_7,2026-08-17 13:16:00,2026-08-17 15:28:50.131797205,132.8,1,0,normal,13,0
HLD-BBT30-04,BBT30,WS09,Operatör_7,2026-08-17 14:12:00,2026-08-17 16:24:25.801355490,132.4,1,0,normal,14,0
HLD-BBT30-04,BBT30,WS09,Operatör_2,2026-08-17 14:47:00,2026-08-17 18:13:06.038596527,206.1,1,0,normal,14,0
HLD-CAPTO-02,CAPTO,WS10,Operatör_6,2026-08-17 15:06:00,2026-08-17 15:35:24.706215592,29.4,1,0,normal,15,0
HLD-BBT50-03,BBT50,WS08,Operatör_6,2026-08-17 15:49:00,2026-08-17 17:36:30.649845167,107.5,1,0,normal,15,0
HLD-BBT30-04,BBT30,WS09,Operatör_3,2026-08-17 16:26:00,2026-08-17 17:39:13.598680517,73.2,1,0,normal,16,0
HLD-BBT30-01,BBT30,WS09,Operatör_3,2026-08-17 16:52:00,2026-08-17 18:57:26.754479189,125.4,1,0,normal,16,0
HLD-HSK100-05,HSK100,WS05,Operatör_6,2026-08-17 16:52:00,2026-08-17 17:44:50.042935055,52.8,1,0,normal,16,0
HLD-HSK100-05,HSK100,WS05,Operatör_3,2026-08-18 08:05:00,2026-08-18 10:32:09.473158155,147.2,1,0,normal,8,0
HLD-BBT30-04,BBT30,WS09,Operatör_5,2026-08-18 08:47:00,2026-08-18 11:32:04.501307516,165.1,1,0,normal,8,0
HLD-SK40-04,SK40,WS03,Operatör_6,2026-08-18 08:58:00,2026-08-18 11:17:28.495121055,139.5,1,0,normal,8,0
HLD-CAPTO-05,CAPTO,WS10,Operatör_3,2026-08-18 09:59:00,2026-08-18 11:37:30.852396856,98.5,1,0,normal,9,0
HLD-CAPTO-01,CAPTO,WS10,Operatör_4,2026-08-18 11:44:00,2026-08-18 12:42:04.992929778,58.1,1,0,normal,11,0
HLD-HSK100-05,HSK100,WS05,Operatör_1,2026-08-18 13:49:00,2026-08-18 16:55:37.518004695,186.6,1,0,normal,13,0
HLD-HSK63-05,HSK63,WS01,Operatör_6,2026-08-18 13:51:00,2026-08-18 15:46:49.960464895,115.8,1,0,normal,13,0
HLD-HSK100-02,HSK100,WS05,Operatör_8,2026-08-18 14:10:00,2026-08-18 16:25:51.926568689,135.9,1,0,normal,14,0
HLD-HSK100-01,HSK100,WS05,Operatör_7,2026-08-18 14:14:00,2026-08-18 16:00:17.940179724,106.3,1,0,normal,14,0
HLD-BBT40-03,BBT40,WS04,Operatör_7,2026-08-18 15:08:00,2026-08-18 16:15:13.510445414,67.2,1,0,normal,15,0
HLD-BBT30-03,BBT30,WS09,Operatör_3,2026-08-18 15:38:00,2026-08-18 18:20:46.788183208,162.8,1,0,normal,15,0
HLD-BBT30-02,BBT30,WS09,Operatör_3,2026-08-19 08:17:00,2026-08-19 10:29:45.444659915,132.8,1,0,normal,8,0
HLD-HSK100-04,HSK100,WS05,Operatör_1,2026-08-19 08:54:00,2026-08-19 10:35:54.456161242,101.9,1,0,normal,8,0
HLD-BT40-05,BT40,WS02,Operatör_5,2026-08-19 09:21:00,2026-08-19 10:43:01.000066117,82.0,1,0,normal,9,0
HLD-SK40-03,SK40,WS03,Operatör_3,2026-08-19 09:21:00,2026-08-19 12:23:35.380560677,182.6,1,0,normal,9,0
HLD-BBT30-03,BBT30,WS09,Operatör_5,2026-08-19 09:27:00,2026-08-19 11:01:35.352131844,94.6,1,0,normal,9,0
HLD-CAPTO-01,CAPTO,WS10,Operatör_1,2026-08-19 11:08:00,2026-08-19 12:57:28.668908741,109.5,1,0,normal,11,0
HLD-BT40-01,BT40,WS06,Operatör_3,2026-08-19 11:51:00,2026-08-19 15:20:00.461066278,209.0,1,0,normal,11,0
HLD-BT40-03,BT40,WS06,Operatör_4,2026-08-19 12:22:00,2026-08-19 14:00:31.313958900,98.5,1,0,normal,12,0
HLD-BT40-01,BT40,WS02,Operatör_4,2026-08-19 12:53:00,2026-08-19 15:54:41.140319163,181.7,1,0,normal,12,0
HLD-HSK63-01,HSK63,WS01,Operatör_1,2026-08-19 13:28:00,2026-08-19 14:42:25.233554060,74.4,1,0,normal,13,0
HLD-BBT50-01,BBT50,WS08,Operatör_3,2026-08-19 13:39:00,2026-08-19 14:55:12.741430319,76.2,1,0,normal,13,0
HLD-BT40-03,BT40,WS06,Operatör_5,2026-08-19 13:55:00,2026-08-19 16:24:34.394458711,149.6,1,0,normal,13,0
HLD-HSK63-01,HSK63,WS01,Operatör_3,2026-08-19 14:00:00,2026-08-19 15:43:45.407687110,103.8,1,0,normal,14,0
HLD-BT40-04,BT40,WS02,Operatör_1,2026-08-19 14:22:00,2026-08-19 15:52:07.309426502,90.1,1,0,normal,14,0
HLD-HSK100-03,HSK100,WS05,Operatör_8,2026-08-19 15:12:00,2026-08-19 18:03:08.927660642,171.1,1,0,normal,15,0
HLD-BBT40-04,BBT40,WS04,Operatör_1,2026-08-19 15:14:00,2026-08-19 16:47:29.954077926,93.5,1,0,normal,15,0
HLD-BBT30-05,BBT30,WS09,Operatör_2,2026-08-19 16:22:00,2026-08-19 18:14:53.875292175,112.9,1,0,normal,16,0
HLD-SK40-02,SK40,WS03,Operatör_1,2026-08-20 08:54:00,2026-08-20 10:53:22.746169547,119.4,1,0,normal,8,0
HLD-BBT40-02,BBT40,WS04,Operatör_7,2026-08-20 10:51:00,2026-08-20 12:51:01.919430004,120.0,1,0,normal,10,0
HLD-BBT30-04,BBT30,WS09,Operatör_3,2026-08-20 11:30:00,2026-08-20 13:13:05.778214855,103.1,1,0,normal,11,0
HLD-CAPTO-02,CAPTO,WS10,Operatör_4,2026-08-20 11:50:00,2026-08-20 13:48:06.558134246,118.1,1,0,normal,11,0
HLD-BBT50-01,BBT50,WS08,Operatör_8,2026-08-20 12:32:00,2026-08-20 15:00:56.116372674,148.9,1,0,normal,12,0
HLD-BBT40-04,BBT40,WS04,Operatör_4,2026-08-20 13:00:00,2026-08-20 14:40:00.068433214,100.0,1,0,normal,13,0
HLD-SK40-02,SK40,WS03,Operatör_6,2026-08-20 13:40:00,2026-08-20 14:34:58.753539972,55.0,1,0,normal,13,0
HLD-HSK100-01,HSK100,WS05,Operatör_2,2026-08-20 15:29:00,2026-08-20 17:47:33.921176034,138.6,1,0,normal,15,0
HLD-CAPTO-05,CAPTO,WS10,Operatör_5,2026-08-20 15:31:00,2026-08-20 17:34:19.190417299,123.3,1,0,normal,15,0
HLD-BBT30-05,BBT30,WS09,Operatör_8,2026-08-20 15:32:00,2026-08-20 17:33:28.413728215,121.5,1,0,normal,15,0
HLD-BBT40-01,BBT40,WS04,Operatör_6,2026-08-20 16:37:00,2026-08-20 18:36:26.164024234,119.4,1,0,normal,16,0
HLD-BBT30-01,BBT30,WS09,Operatör_2,2026-08-20 20:39:00,2026-08-20 22:52:09.128843643,133.2,1,1,mesai_disi,20,0
HLD-HSK100-04,HSK100,WS05,Operatör_7,2026-08-21 08:00:00,2026-08-21 09:34:46.814542122,94.8,1,0,normal,8,0
HLD-BBT30-01,BBT30,WS09,Operatör_3,2026-08-21 09:52:00,2026-08-21 12:16:32.891262681,144.5,1,0,normal,9,0
HLD-CAPTO-05,CAPTO,WS10,Operatör_7,2026-08-21 10:48:00,2026-08-21 12:37:12.317173105,109.2,1,0,normal,10,0
HLD-BBT30-02,BBT30,WS09,Operatör_1,2026-08-21 11:17:00,2026-08-21 13:45:47.535408600,148.8,1,0,normal,11,0
HLD-BBT50-03,BBT50,WS08,Operatör_4,2026-08-21 11:35:00,2026-08-21 13:59:05.765108449,144.1,1,0,normal,11,0
HLD-CAPTO-01,CAPTO,WS10,Operatör_5,2026-08-21 12:10:00,2026-08-21 13:54:42.259154000,104.7,1,0,normal,12,0
HLD-BBT40-02,BBT40,WS04,Operatör_5,2026-08-21 13:15:00,2026-08-21 16:03:04.778110722,168.1,1,0,normal,13,0
HLD-HSK63-04,HSK63,WS07,Operatör_8,2026-08-21 13:34:00,2026-08-21 15:32:59.274395053,119.0,1,0,normal,13,0
HLD-BBT40-02,BBT40,WS04,Operatör_2,2026-08-21 13:58:00,2026-08-21 15:14:08.840544983,76.1,1,0,normal,13,0
HLD-HSK63-01,HSK63,WS07,Operatör_4,2026-08-21 14:14:00,2026-08-21 16:51:29.428748083,157.5,1,0,normal,14,0
HLD-BT40-02,BT40,WS06,Operatör_6,2026-08-21 14:53:00,2026-08-21 16:09:15.184504065,76.3,1,0,normal,14,0
HLD-BBT40-01,BBT40,WS04,Operatör_6,2026-08-21 15:26:00,2026-08-21 17:08:59.542222103,103.0,1,0,normal,15,0
HLD-HSK63-02,HSK63,WS01,Operatör_5,2026-08-21 16:49:00,2026-08-21 18:33:12.672164909,104.2,1,0,normal,16,0
HLD-HSK63-01,HSK63,WS07,Operatör_7,2026-08-22 20:11:00,2026-08-22 21:21:11.876625147,70.2,1,1,mesai_disi,20,1
HLD-SK40-05,SK40,WS03,Operatör_8,2026-08-23 20:01:00,2026-08-23 22:11:46.154611531,130.8,1,1,mesai_disi,20,1
HLD-HSK100-02,HSK100,WS05,Operatör_1,2026-08-23 21:15:00,2026-08-23 23:01:24.348616408,106.4,1,1,mesai_disi,21,1
HLD-BBT30-01,BBT30,WS09,Operatör_7,2026-08-24 09:20:00,2026-08-24 10:53:20.141685661,93.3,1,0,normal,9,0
HLD-SK40-03,SK40,WS03,Operatör_5,2026-08-24 10:42:00,2026-08-24 11:44:58.833827168,63.0,1,0,normal,10,0
HLD-HSK63-04,HSK63,WS01,Operatör_4,2026-08-24 11:44:00,2026-08-24 14:16:16.603080786,152.3,1,0,normal,11,0
HLD-SK40-05,SK40,WS03,Operatör_3,2026-08-24 12:02:00,2026-08-24 14:11:47.589416356,129.8,1,0,normal,12,0
HLD-HSK63-01,HSK63,WS01,Operatör_7,2026-08-24 13:36:00,2026-08-24 14:00:20.998913827,24.3,1,0,normal,13,0
HLD-HSK63-05,HSK63,WS07,Operatör_5,2026-08-24 13:37:00,2026-08-24 13:51:35.325227252,14.6,1,0,normal,13,0
HLD-SK40-03,SK40,WS03,Operatör_1,2026-08-24 13:51:00,2026-08-24 15:23:18.340514308,92.3,1,0,normal,13,0
HLD-HSK63-05,HSK63,WS07,Operatör_1,2026-08-24 14:04:00,2026-08-24 16:15:45.452052781,131.8,1,0,normal,14,0
HLD-BT40-05,BT40,WS02,Operatör_6,2026-08-24 14:26:00,2026-08-24 16:15:50.134519715,109.8,1,0,normal,14,0
HLD-BBT40-05,BBT40,WS04,Operatör_2,2026-08-24 15:45:00,2026-08-24 17:32:44.250138680,107.7,1,0,normal,15,0
HLD-BT40-03,BT40,WS06,Operatör_5,2026-08-25 08:07:00,2026-08-25 10:01:39.032626019,114.7,1,0,normal,8,0
HLD-CAPTO-02,CAPTO,WS10,Operatör_7,2026-08-25 08:28:00,2026-08-25 11:18:02.338934658,170.0,1,0,normal,8,0
HLD-BBT50-02,BBT50,WS08,Operatör_5,2026-08-25 09:26:00,2026-08-25 11:39:28.189501964,133.5,1,0,normal,9,0
HLD-HSK63-05,HSK63,WS07,Operatör_1,2026-08-25 09:36:00,2026-08-25 11:34:24.832297560,118.4,1,0,normal,9,0
HLD-BBT30-04,BBT30,WS09,Operatör_4,2026-08-25 11:54:00,2026-08-25 13:39:58.564496941,106.0,1,0,normal,11,0
HLD-BBT50-01,BBT50,WS08,Operatör_5,2026-08-25 13:15:00,2026-08-25 14:51:30.863290211,96.5,1,0,normal,13,0
HLD-SK40-02,SK40,WS03,Operatör_1,2026-08-25 13:49:00,2026-08-25 15:59:56.265985260,130.9,1,0,normal,13,0
HLD-BBT40-01,BBT40,WS04,Operatör_5,2026-08-26 08:21:00,2026-08-26 09:41:39.814098758,80.7,1,0,normal,8,0
HLD-BT40-04,BT40,WS02,Operatör_4,2026-08-26 10:30:00,2026-08-26 13:11:37.471496542,161.6,1,0,normal,10,0
HLD-HSK100-03,HSK100,WS05,Operatör_5,2026-08-26 10:36:00,2026-08-26 12:49:40.777928788,133.7,1,0,normal,10,0
HLD-CAPTO-01,CAPTO,WS10,Operatör_8,2026-08-26 10:48:00,2026-08-26 12:30:09.830057652,102.2,1,0,normal,10,0
HLD-BBT50-01,BBT50,WS08,Operatör_3,2026-08-26 10:59:00,2026-08-26 12:27:15.538861624,88.3,1,0,normal,10,0
HLD-HSK63-05,HSK63,WS01,Operatör_4,2026-08-26 11:52:00,2026-08-26 14:31:14.189766811,159.2,1,0,normal,11,0
HLD-CAPTO-04,CAPTO,WS10,Operatör_7,2026-08-26 12:51:00,2026-08-26 14:44:48.766532744,113.8,1,0,normal,12,0
HLD-HSK100-03,HSK100,WS05,Operatör_7,2026-08-26 13:07:00,2026-08-26 16:15:39.176572484,188.7,1,0,normal,13,0
HLD-HSK100-02,HSK100,WS05,Operatör_6,2026-08-26 13:12:00,2026-08-26 14:30:03.340488557,78.1,1,0,normal,13,0
HLD-BBT50-04,BBT50,WS08,Operatör_3,2026-08-26 15:35:00,2026-08-26 17:22:57.841586447,108.0,1,0,normal,15,0
HLD-BBT30-05,BBT30,WS09,Operatör_5,2026-08-27 08:20:00,2026-08-27 09:57:25.759666463,97.4,1,0,normal,8,0
HLD-BT40-05,BT40,WS06,Operatör_5,2026-08-27 09:03:00,2026-08-27 11:44:55.207494102,161.9,1,0,normal,9,0
HLD-BBT30-01,BBT30,WS09,Operatör_5,2026-08-27 09:31:00,2026-08-27 12:06:38.897008611,155.6,1,0,normal,9,0
HLD-BBT50-03,BBT50,WS08,Operatör_8,2026-08-27 09:34:00,2026-08-27 11:51:24.694300137,137.4,1,0,normal,9,0
HLD-BBT30-01,BBT30,WS09,Operatör_2,2026-08-27 09:36:00,2026-08-27 11:51:52.699747177,135.9,1,0,normal,9,0
HLD-HSK63-05,HSK63,WS07,Operatör_3,2026-08-27 12:17:00,2026-08-27 14:03:34.899961532,106.6,1,0,normal,12,0
HLD-BT40-02,BT40,WS06,Operatör_1,2026-08-27 12:40:00,2026-08-27 14:12:24.106666325,92.4,1,0,normal,12,0
HLD-BBT40-05,BBT40,WS04,Operatör_7,2026-08-27 12:42:00,2026-08-27 14:47:31.154563943,125.5,1,0,normal,12,0
HLD-BBT50-02,BBT50,WS08,Operatör_4,2026-08-27 12:44:00,2026-08-27 15:41:07.233723548,177.1,1,0,normal,12,0
HLD-BBT30-05,BBT30,WS09,Operatör_2,2026-08-27 12:48:00,2026-08-27 14:01:43.286996929,73.7,1,0,normal,12,0
HLD-CAPTO-02,CAPTO,WS10,Operatör_1,2026-08-27 13:59:00,2026-08-27 15:22:08.074806325,83.1,1,0,normal,13,0
HLD-CAPTO-03,CAPTO,WS10,Operatör_7,2026-08-27 14:05:00,2026-08-27 16:07:04.188290803,122.1,1,0,normal,14,0
HLD-HSK100-01,HSK100,WS05,Operatör_4,2026-08-27 14:57:00,2026-08-27 17:09:13.954423449,132.2,1,0,normal,14,0
HLD-BBT40-04,BBT40,WS04,Operatör_8,2026-08-27 16:57:00,2026-08-27 19:04:28.881380588,127.5,1,0,normal,16,0
HLD-BBT30-04,BBT30,WS09,Operatör_2,2026-08-28 08:13:00,2026-08-28 10:42:48.502648651,149.8,1,0,normal,8,0
HLD-BT40-04,BT40,WS02,Operatör_5,2026-08-28 08:27:00,2026-08-28 11:01:06.846952147,154.1,1,0,normal,8,0
HLD-BBT40-05,BBT40,WS04,Operatör_8,2026-08-28 08:35:00,2026-08-28 10:08:21.844501309,93.4,1,0,normal,8,0
HLD-SK40-01,SK40,WS03,Operatör_2,2026-08-28 08:48:00,2026-08-28 11:09:36.703481994,141.6,1,0,normal,8,0
HLD-BBT50-05,BBT50,WS08,Operatör_7,2026-08-28 09:16:00,2026-08-28 10:47:19.361533095,91.3,1,0,normal,9,0
HLD-BT40-05,BT40,WS02,Operatör_8,2026-08-28 10:03:00,2026-08-28 10:32:33.804102095,29.6,1,0,normal,10,0
HLD-BT40-05,BT40,WS06,Operatör_3,2026-08-28 10:39:00,2026-08-28 12:17:03.715302664,98.1,1,0,normal,10,0
HLD-HSK100-01,HSK100,WS05,Operatör_8,2026-08-28 12:32:00,2026-08-28 14:24:17.958846413,112.3,1,0,normal,12,0
HLD-BT40-05,BT40,WS02,Operatör_7,2026-08-28 13:07:00,2026-08-28 15:45:57.593651734,159.0,1,0,normal,13,0
HLD-BBT50-05,BBT50,WS08,Operatör_8,2026-08-28 13:19:00,2026-08-28 14:58:36.171553843,99.6,1,0,normal,13,0
HLD-BBT50-02,BBT50,WS08,Operatör_1,2026-08-28 14:17:00,2026-08-28 15:37:08.204901493,80.1,1,0,normal,14,0
HLD-BBT50-02,BBT50,WS08,Operatör_8,2026-08-28 15:48:00,2026-08-28 17:10:30.401566321,82.5,1,0,normal,15,0
HLD-BBT50-02,BBT50,WS08,Operatör_6,2026-08-28 15:54:00,2026-08-28 17:21:21.875056681,87.4,1,0,normal,15,0
HLD-BBT40-02,BBT40,WS04,Operatör_1,2026-08-28 16:56:00,2026-08-28 19:30:37.243028110,154.6,1,0,normal,16,0
HLD-BBT40-04,BBT40,WS04,Operatör_1,2026-08-28 16:58:00,2026-08-29 02:44:39.863771032,586.7,1,1,gec_iade,16,0
HLD-BBT40-03,BBT40,WS04,Operatör_2,2026-08-29 18:18:00,2026-08-29 20:29:02.634655503,131.0,1,1,mesai_disi,18,1
HLD-BBT50-05,BBT50,WS08,Operatör_7,2026-08-29 18:37:00,2026-08-29 20:17:07.367661289,100.1,1,1,mesai_disi,18,1
HLD-BBT40-05,BBT40,WS04,Operatör_3,2026-08-29 18:41:00,2026-08-29 20:51:56.402416171,130.9,1,1,mesai_disi,18,1
HLD-HSK63-03,HSK63,WS01,Operatör_6,2026-08-29 19:20:00,2026-08-29 20:23:10.674569300,63.2,1,1,mesai_disi,19,1
HLD-BT40-03,BT40,WS06,Operatör_8,2026-08-31 08:34:00,2026-08-31 10:43:05.657521642,129.1,1,0,normal,8,0
HLD-SK40-02,SK40,WS03,Operatör_8,2026-08-31 08:50:00,2026-08-31 11:22:43.613686122,152.7,1,0,normal,8,0
HLD-SK40-02,SK40,WS03,Operatör_8,2026-08-31 09:33:00,2026-08-31 11:19:54.999734419,106.9,1,0,normal,9,0
HLD-BT40-03,BT40,WS02,Operatör_6,2026-08-31 11:25:00,2026-08-31 13:18:13.883313387,113.2,1,0,normal,11,0
HLD-HSK63-01,HSK63,WS01,Operatör_1,2026-08-31 11:35:00,2026-08-31 13:07:04.614630873,92.1,1,0,normal,11,0
HLD-HSK63-01,HSK63,WS07,Operatör_6,2026-08-31 12:09:00,2026-08-31 13:04:26.748304553,55.4,1,0,normal,12,0
HLD-BT40-02,BT40,WS06,Operatör_8,2026-08-31 12:19:00,2026-08-31 14:01:35.542861985,102.6,1,0,normal,12,0
HLD-CAPTO-01,CAPTO,WS10,Operatör_5,2026-08-31 12:32:00,2026-08-31 14:10:52.878222024,98.9,1,0,normal,12,0
HLD-BBT30-02,BBT30,WS09,Operatör_5,2026-08-31 15:21:00,2026-08-31 17:04:31.806631911,103.5,1,0,normal,15,0
HLD-BBT30-03,BBT30,WS09,Operatör_6,2026-08-31 15:29:00,2026-08-31 17:57:00.603943322,148.0,1,0,normal,15,0
HLD-BT40-04,BT40,WS06,Operatör_3,2026-08-31 16:20:00,2026-08-31 18:27:52.462480537,127.9,1,0,normal,16,0
HLD-SK40-02,SK40,WS03,Operatör_6,2026-08-31 16:55:00,2026-08-31 18:26:52.352870523,91.9,1,0,normal,16,0
HLD-HSK63-02,HSK63,WS01,Operatör_5,2026-09-01 07:37:00,2026-09-01 09:25:21.627771716,108.4,1,1,mesai_disi,7,0
HLD-HSK63-05,HSK63,WS01,Operatör_3,2026-09-01 08:05:00,2026-09-01 10:16:21.174766199,131.4,1,0,normal,8,0
HLD-BT40-05,BT40,WS06,Operatör_3,2026-09-01 08:14:00,2026-09-01 09:15:08.163907505,61.1,1,0,normal,8,0
HLD-HSK63-04,HSK63,WS07,Operatör_7,2026-09-01 08:51:00,2026-09-01 10:04:49.977530542,73.8,1,0,normal,8,0
HLD-HSK100-01,HSK100,WS05,Operatör_3,2026-09-01 12:25:00,2026-09-01 14:20:28.748225857,115.5,1,0,normal,12,0
HLD-BBT30-01,BBT30,WS09,Operatör_8,2026-09-01 12:27:00,2026-09-01 13:59:56.272581597,92.9,1,0,normal,12,0
HLD-HSK100-05,HSK100,WS05,Operatör_3,2026-09-01 12:34:00,2026-09-01 15:03:31.205844319,149.5,1,0,normal,12,0
HLD-BBT50-03,BBT50,WS08,Operatör_4,2026-09-01 13:14:00,2026-09-01 14:47:08.471140330,93.1,1,0,normal,13,0
HLD-HSK100-05,HSK100,WS05,Operatör_2,2026-09-01 13:27:00,2026-09-01 15:50:32.045879389,143.5,1,0,normal,13,0
HLD-BBT30-02,BBT30,WS09,Operatör_1,2026-09-01 14:04:00,2026-09-01 16:02:24.667660128,118.4,1,0,normal,14,0
HLD-BT40-02,BT40,WS07,Operatör_5,2026-09-01 14:08:00,2026-09-01 16:41:08.294057524,153.1,0,1,uyumsuz_makine,14,0
HLD-BBT40-03,BBT40,WS04,Operatör_1,2026-09-01 15:22:00,2026-09-01 17:27:36.757454897,125.6,1,0,normal,15,0
HLD-HSK63-04,HSK63,WS07,Operatör_1,2026-09-01 16:28:00,2026-09-01 18:38:31.698622823,130.5,1,0,normal,16,0
HLD-HSK100-04,HSK100,WS05,Operatör_7,2026-09-01 16:34:00,2026-09-01 19:03:16.911868057,149.3,1,0,normal,16,0
HLD-HSK63-02,HSK63,WS01,Operatör_4,2026-09-01 16:38:00,2026-09-01 18:38:03.944928725,120.1,1,0,normal,16,0
HLD-BBT40-01,BBT40,WS04,Operatör_7,2026-09-02 08:01:00,2026-09-02 09:24:21.423206809,83.4,1,0,normal,8,0
HLD-HSK63-02,HSK63,WS07,Operatör_7,2026-09-02 10:02:00,2026-09-02 12:15:33.015206203,133.6,1,0,normal,10,0
HLD-HSK100-05,HSK100,WS05,Operatör_7,2026-09-02 10:35:00,2026-09-02 11:43:28.188356257,68.5,1,0,normal,10,0
HLD-CAPTO-04,CAPTO,WS10,Operatör_5,2026-09-02 11:45:00,2026-09-02 13:57:22.976311779,132.4,1,0,normal,11,0
HLD-BBT50-03,BBT50,WS08,Operatör_2,2026-09-02 12:06:00,2026-09-02 13:50:28.206171221,104.5,1,0,normal,12,0
HLD-SK40-03,SK40,WS03,Operatör_2,2026-09-02 13:58:00,2026-09-02 16:11:15.655783541,133.3,1,0,normal,13,0
HLD-HSK100-04,HSK100,WS05,Operatör_6,2026-09-02 14:14:00,2026-09-02 16:31:05.566528474,137.1,1,0,normal,14,0
HLD-CAPTO-04,CAPTO,WS10,Operatör_4,2026-09-02 15:36:00,2026-09-02 18:19:56.859305928,163.9,1,0,normal,15,0
HLD-HSK100-05,HSK100,WS05,Operatör_2,2026-09-02 16:27:00,2026-09-02 17:17:09.865874877,50.2,1,0,normal,16,0
HLD-HSK63-04,HSK63,WS07,Operatör_3,2026-09-02 16:40:00,2026-09-02 17:26:05.989107325,46.1,1,0,normal,16,0
HLD-BBT30-01,BBT30,WS09,Operatör_7,2026-09-03 06:11:00,2026-09-03 09:25:05.742270021,194.1,1,1,mesai_disi,6,0
HLD-BT40-03,BT40,WS06,Operatör_6,2026-09-03 08:50:00,2026-09-03 10:06:34.475041964,76.6,1,0,normal,8,0
HLD-BBT30-03,BBT30,WS09,Operatör_3,2026-09-03 09:19:00,2026-09-03 11:52:35.075291398,153.6,1,0,normal,9,0
HLD-CAPTO-03,CAPTO,WS10,Operatör_3,2026-09-03 11:45:00,2026-09-03 12:49:30.427742835,64.5,1,0,normal,11,0
HLD-BT40-02,BT40,WS06,Operatör_6,2026-09-03 11:55:00,2026-09-03 14:21:49.704353963,146.8,1,0,normal,11,0
HLD-HSK100-02,HSK100,WS05,Operatör_3,2026-09-03 12:11:00,2026-09-03 14:21:25.190299561,130.4,1,0,normal,12,0
HLD-BBT30-04,BBT30,WS09,Operatör_5,2026-09-03 13:00:00,2026-09-03 15:18:58.828944433,139.0,1,0,normal,13,0
HLD-BBT40-01,BBT40,WS04,Operatör_6,2026-09-03 14:20:00,2026-09-03 16:22:58.120747090,123.0,1,0,normal,14,0
HLD-CAPTO-03,CAPTO,WS10,Operatör_3,2026-09-03 15:02:00,2026-09-03 17:06:00.649499116,124.0,1,0,normal,15,0
HLD-BBT30-05,BBT30,WS09,Operatör_7,2026-09-03 16:06:00,2026-09-03 17:44:07.305587210,98.1,1,0,normal,16,0
HLD-SK40-05,SK40,WS03,Operatör_1,2026-09-03 16:06:00,2026-09-03 18:30:04.229215041,144.1,1,0,normal,16,0
HLD-SK40-01,SK40,WS03,Operatör_8,2026-09-04 08:09:00,2026-09-04 10:41:35.393143866,152.6,1,0,normal,8,0
HLD-BBT50-04,BBT50,WS08,Operatör_7,2026-09-04 08:12:00,2026-09-04 10:55:39.453353312,163.7,1,0,normal,8,0
HLD-CAPTO-03,CAPTO,WS10,Operatör_6,2026-09-04 08:48:00,2026-09-04 11:23:15.903878203,155.3,1,0,normal,8,0
HLD-BBT50-04,BBT50,WS08,Operatör_2,2026-09-04 09:00:00,2026-09-04 10:43:34.824831892,103.6,1,0,normal,9,0
HLD-BBT30-03,BBT30,WS09,Operatör_6,2026-09-04 11:19:00,2026-09-04 13:00:31.075801915,101.5,1,0,normal,11,0
HLD-CAPTO-03,CAPTO,WS10,Operatör_7,2026-09-04 11:28:00,2026-09-04 14:08:06.388121475,160.1,1,0,normal,11,0
HLD-CAPTO-02,CAPTO,WS10,Operatör_1,2026-09-04 11:29:00,2026-09-04 19:34:42.297792840,485.7,1,1,gec_iade,11,0
HLD-BT40-02,BT40,WS06,Operatör_3,2026-09-04 14:53:00,2026-09-04 16:57:48.470439456,124.8,1,0,normal,14,0
HLD-BBT40-03,BBT40,WS04,Operatör_3,2026-09-04 15:11:00,2026-09-04 17:08:41.720881433,117.7,1,0,normal,15,0
HLD-BBT40-04,BBT40,WS04,Operatör_8,2026-09-04 15:40:00,2026-09-04 17:50:40.178722961,130.7,1,0,normal,15,0
HLD-CAPTO-02,CAPTO,WS10,Operatör_4,2026-09-04 16:19:00,2026-09-05 07:37:16.834325235,918.3,1,1,gec_iade,16,0
HLD-SK40-01,SK40,WS03,Operatör_6,2026-09-04 16:21:00,2026-09-04 18:51:40.474501104,150.7,1,0,normal,16,0
HLD-BBT40-05,BBT40,WS04,Operatör_5,2026-09-04 16:33:00,2026-09-04 16:59:47.586563166,26.8,1,0,normal,16,0
HLD-CAPTO-02,CAPTO,WS10,Operatör_5,2026-09-07 07:25:00,2026-09-07 09:23:34.364318942,118.6,1,1,mesai_disi,7,0
HLD-SK40-02,SK40,WS03,Operatör_5,2026-09-07 08:06:00,2026-09-07 10:17:08.344846542,131.1,1,0,normal,8,0
HLD-CAPTO-04,CAPTO,WS10,Operatör_4,2026-09-07 08:55:00,2026-09-07 10:33:49.052393166,98.8,1,0,normal,8,0
HLD-HSK100-02,HSK100,WS05,Operatör_7,2026-09-07 09:57:00,2026-09-07 11:56:24.629716520,119.4,1,0,normal,9,0
HLD-BT40-03,BT40,WS02,Operatör_1,2026-09-07 09:59:00,2026-09-07 12:17:16.327148771,138.3,1,0,normal,9,0
HLD-SK40-02,SK40,WS03,Operatör_3,2026-09-07 10:38:00,2026-09-07 13:56:35.557964680,198.6,1,0,normal,10,0
HLD-CAPTO-04,CAPTO,WS10,Operatör_8,2026-09-07 11:25:00,2026-09-07 12:34:55.121736747,69.9,1,0,normal,11,0
HLD-BT40-04,BT40,WS02,Operatör_6,2026-09-07 12:19:00,2026-09-07 13:33:58.704044866,75.0,1,0,normal,12,0
HLD-HSK63-03,HSK63,WS07,Operatör_7,2026-09-07 12:48:00,2026-09-07 14:17:46.115467756,89.8,1,0,normal,12,0
HLD-HSK100-01,HSK100,WS05,Operatör_1,2026-09-07 13:29:00,2026-09-07 15:58:19.252306928,149.3,1,0,normal,13,0
HLD-CAPTO-02,CAPTO,WS10,Operatör_5,2026-09-07 14:06:00,2026-09-07 16:31:24.213907996,145.4,1,0,normal,14,0
HLD-BT40-04,BT40,WS02,Operatör_2,2026-09-07 15:54:00,2026-09-07 18:02:23.026495801,128.4,1,0,normal,15,0
HLD-BT40-05,BT40,WS02,Operatör_7,2026-09-07 16:00:00,2026-09-07 17:46:04.021647773,106.1,1,0,normal,16,0
HLD-BBT50-02,BBT50,WS08,Operatör_5,2026-09-07 16:21:00,2026-09-07 17:50:16.360507007,89.3,1,0,normal,16,0
HLD-HSK63-01,HSK63,WS01,Operatör_8,2026-09-07 16:43:00,2026-09-07 18:40:48.095808354,117.8,1,0,normal,16,0
HLD-BT40-03,BT40,WS06,Operatör_4,2026-09-08 08:01:00,2026-09-08 09:30:06.618352415,89.1,1,0,normal,8,0
HLD-HSK100-01,HSK100,WS05,Operatör_4,2026-09-08 08:16:00,2026-09-08 10:47:18.533264689,151.3,1,0,normal,8,0
HLD-BBT40-05,BBT40,WS04,Operatör_2,2026-09-08 08:34:00,2026-09-08 10:29:20.979522199,115.3,1,0,normal,8,0
HLD-BT40-05,BT40,WS06,Operatör_6,2026-09-08 08:56:00,2026-09-08 11:10:44.113907982,134.7,1,0,normal,8,0
HLD-HSK100-05,HSK100,WS05,Operatör_3,2026-09-08 09:31:00,2026-09-08 10:28:25.226426373,57.4,1,0,normal,9,0
HLD-BBT40-02,BBT40,WS04,Operatör_1,2026-09-08 09:42:00,2026-09-08 11:30:36.510384025,108.6,1,0,normal,9,0
HLD-HSK100-04,HSK100,WS05,Operatör_1,2026-09-08 10:57:00,2026-09-08 12:36:08.691796311,99.1,1,0,normal,10,0
HLD-CAPTO-04,CAPTO,WS10,Operatör_5,2026-09-08 11:21:00,2026-09-08 12:43:02.425641784,82.0,1,0,normal,11,0
HLD-BBT40-05,BBT40,WS04,Operatör_4,2026-09-08 11:59:00,2026-09-08 14:34:18.928194457,155.3,1,0,normal,11,0
HLD-BBT40-04,BBT40,WS04,Operatör_4,2026-09-08 13:02:00,2026-09-08 15:17:44.732246890,135.7,1,0,normal,13,0
HLD-SK40-05,SK40,WS03,Operatör_7,2026-09-08 13:44:00,2026-09-08 14:53:31.276832762,69.5,1,0,normal,13,0
HLD-CAPTO-04,CAPTO,WS10,Operatör_2,2026-09-08 14:17:00,2026-09-08 16:03:56.726998439,106.9,1,0,normal,14,0
HLD-BBT40-02,BBT40,WS04,Operatör_2,2026-09-08 14:53:00,2026-09-08 17:00:23.189118485,127.4,1,0,normal,14,0
HLD-HSK100-04,HSK100,WS05,Operatör_4,2026-09-08 16:27:00,2026-09-08 18:32:50.898988342,125.8,1,0,normal,16,0
HLD-BBT30-02,BBT30,WS09,Operatör_1,2026-09-08 18:20:00,2026-09-08 19:50:28.975886994,90.5,1,1,mesai_disi,18,0
HLD-BBT30-04,BBT30,WS09,Operatör_8,2026-09-09 08:53:00,2026-09-09 11:28:03.942294100,155.1,1,0,normal,8,0
HLD-SK40-01,SK40,WS03,Operatör_2,2026-09-09 09:25:00,2026-09-09 10:46:18.013004807,81.3,1,0,normal,9,0
HLD-BT40-02,BT40,WS02,Operatör_4,2026-09-09 10:06:00,2026-09-09 13:33:00.531366837,207.0,1,0,normal,10,0
HLD-HSK100-01,HSK100,WS05,Operatör_3,2026-09-09 10:12:00,2026-09-09 11:35:34.508856172,83.6,1,0,normal,10,0
HLD-HSK63-05,HSK63,WS07,Operatör_5,2026-09-09 12:26:00,2026-09-09 15:43:47.931928694,197.8,1,0,normal,12,0
HLD-BBT40-05,BBT40,WS04,Operatör_1,2026-09-09 12:34:00,2026-09-09 15:01:59.557202531,148.0,1,0,normal,12,0
HLD-HSK100-01,HSK100,WS05,Operatör_7,2026-09-09 12:57:00,2026-09-09 15:41:13.879158224,164.2,1,0,normal,12,0
HLD-HSK100-03,HSK100,WS05,Operatör_2,2026-09-09 16:11:00,2026-09-09 18:19:00.955684505,128.0,1,0,normal,16,0
HLD-CAPTO-02,CAPTO,WS10,Operatör_4,2026-09-10 08:59:00,2026-09-10 10:02:14.855191784,63.2,1,0,normal,8,0
HLD-BBT40-03,BBT40,WS04,Operatör_5,2026-09-10 09:55:00,2026-09-10 12:02:10.089714827,127.2,1,0,normal,9,0
HLD-HSK100-05,HSK100,WS05,Operatör_1,2026-09-10 10:00:00,2026-09-10 11:31:35.887378017,91.6,1,0,normal,10,0
HLD-BBT50-02,BBT50,WS08,Operatör_8,2026-09-10 10:08:00,2026-09-10 12:16:02.029767296,128.0,1,0,normal,10,0
HLD-BBT30-04,BBT30,WS09,Operatör_1,2026-09-10 13:24:00,2026-09-10 15:16:51.624731747,112.9,1,0,normal,13,0
HLD-SK40-05,SK40,WS03,Operatör_6,2026-09-10 14:01:00,2026-09-10 17:21:15.932716417,200.3,1,0,normal,14,0
HLD-HSK100-03,HSK100,WS05,Operatör_8,2026-09-10 14:05:00,2026-09-10 15:12:28.748452427,67.5,1,0,normal,14,0
HLD-HSK63-01,HSK63,WS07,Operatör_1,2026-09-10 14:30:00,2026-09-10 15:58:28.362010664,88.5,1,0,normal,14,0
HLD-BT40-02,BT40,WS06,Operatör_4,2026-09-10 15:22:00,2026-09-10 17:30:07.653329237,128.1,1,0,normal,15,0
HLD-BBT50-05,BBT50,WS08,Operatör_7,2026-09-10 15:39:00,2026-09-10 18:33:48.514023433,174.8,1,0,normal,15,0
HLD-CAPTO-03,CAPTO,WS10,Operatör_1,2026-09-10 16:28:00,2026-09-10 16:46:30.330492989,18.5,1,0,normal,16,0
HLD-SK40-01,SK40,WS03,Operatör_5,2026-09-10 20:56:00,2026-09-10 22:36:03.767260105,100.1,1,1,mesai_disi,20,0
HLD-CAPTO-02,CAPTO,WS10,Operatör_8,2026-09-11 08:46:00,2026-09-11 10:46:52.130961889,120.9,1,0,normal,8,0
HLD-BT40-02,BT40,WS06,Operatör_3,2026-09-11 10:10:00,2026-09-11 11:45:11.465237463,95.2,1,0,normal,10,0
HLD-BBT30-03,BBT30,WS09,Operatör_8,2026-09-11 10:27:00,2026-09-11 12:54:15.504406231,147.3,1,0,normal,10,0
HLD-CAPTO-05,CAPTO,WS10,Operatör_4,2026-09-11 10:48:00,2026-09-11 12:03:18.876666851,75.3,1,0,normal,10,0
HLD-BBT30-03,BBT30,WS09,Operatör_5,2026-09-11 11:41:00,2026-09-11 14:28:24.658503809,167.4,1,0,normal,11,0
HLD-BBT40-05,BBT40,WS04,Operatör_1,2026-09-11 13:41:00,2026-09-11 15:33:39.702799940,112.7,1,0,normal,13,0
HLD-CAPTO-01,CAPTO,WS10,Operatör_3,2026-09-11 14:17:00,2026-09-11 17:17:29.108783944,180.5,1,0,normal,14,0
HLD-CAPTO-03,CAPTO,WS10,Operatör_7,2026-09-11 14:38:00,2026-09-11 16:52:52.351322929,134.9,1,0,normal,14,0
HLD-BT40-01,BT40,WS07,Operatör_7,2026-09-11 14:45:00,2026-09-11 16:44:05.781750600,119.1,0,1,uyumsuz_makine,14,0
HLD-BBT30-02,BBT30,WS09,Operatör_4,2026-09-11 16:01:00,2026-09-11 18:13:51.659942182,132.9,1,0,normal,16,0
HLD-BT40-03,BT40,WS06,Operatör_7,2026-09-11 16:22:00,2026-09-11 18:27:51.591456300,125.9,1,0,normal,16,0
HLD-HSK63-02,HSK63,WS01,Operatör_8,2026-09-11 16:47:00,2026-09-11 18:29:40.869180855,102.7,1,0,normal,16,0
HLD-BBT30-04,BBT30,WS09,Operatör_6,2026-09-11 18:25:00,2026-09-11 20:51:13.287908261,146.2,1,1,mesai_disi,18,0
HLD-BBT40-04,BBT40,WS04,Operatör_4,2026-09-12 19:30:00,2026-09-12 20:13:13.563846484,43.2,1,1,mesai_disi,19,1
HLD-BBT30-02,BBT30,WS09,Operatör_3,2026-09-12 20:45:00,2026-09-12 23:01:30.807834380,136.5,1,1,mesai_disi,20,1
HLD-BT40-03,BT40,WS02,Operatör_6,2026-09-12 21:00:00,2026-09-13 00:36:56.356163419,216.9,1,1,mesai_disi,21,1
HLD-BT40-05,BT40,WS06,Operatör_6,2026-09-13 18:33:00,2026-09-13 20:24:46.273075261,111.8,1,1,mesai_disi,18,1
HLD-CAPTO-02,CAPTO,WS10,Operatör_4,2026-09-13 21:05:00,2026-09-13 22:19:01.495923503,74.0,1,1,mesai_disi,21,1
HLD-SK40-03,SK40,WS03,Operatör_5,2026-09-14 07:25:00,2026-09-14 10:20:47.588661699,175.8,1,1,mesai_disi,7,0
HLD-BT40-05,BT40,WS02,Operatör_7,2026-09-14 08:08:00,2026-09-14 09:42:51.045965633,94.9,1,0,normal,8,0
HLD-CAPTO-03,CAPTO,WS10,Operatör_6,2026-09-14 08:15:00,2026-09-14 09:54:40.967591785,99.7,1,0,normal,8,0
HLD-BBT40-04,BBT40,WS04,Operatör_1,2026-09-14 09:10:00,2026-09-14 12:39:37.994163535,209.6,1,0,normal,9,0
HLD-CAPTO-01,CAPTO,WS10,Operatör_1,2026-09-14 10:01:00,2026-09-14 11:58:32.601691139,117.5,1,0,normal,10,0
HLD-HSK100-05,HSK100,WS05,Operatör_7,2026-09-14 12:15:00,2026-09-14 14:59:49.567974255,164.8,1,0,normal,12,0
HLD-BBT40-02,BBT40,WS04,Operatör_4,2026-09-14 12:27:00,2026-09-14 13:51:24.017013727,84.4,1,0,normal,12,0
HLD-HSK63-04,HSK63,WS07,Operatör_8,2026-09-14 14:12:00,2026-09-14 16:30:39.272560420,138.7,1,0,normal,14,0
HLD-BT40-01,BT40,WS06,Operatör_3,2026-09-14 15:29:00,2026-09-14 16:34:35.610139371,65.6,1,0,normal,15,0
HLD-SK40-04,SK40,WS03,Operatör_3,2026-09-14 15:36:00,2026-09-14 17:57:04.214960826,141.1,1,0,normal,15,0
HLD-BT40-04,BT40,WS02,Operatör_1,2026-09-14 15:50:00,2026-09-14 18:51:34.576355693,181.6,1,0,normal,15,0
HLD-HSK63-04,HSK63,WS07,Operatör_6,2026-09-14 15:51:00,2026-09-14 17:38:14.496813984,107.2,1,0,normal,15,0
HLD-BBT50-03,BBT50,WS08,Operatör_1,2026-09-14 16:26:00,2026-09-14 18:24:06.523214427,118.1,1,0,normal,16,0
HLD-BT40-03,BT40,WS06,Operatör_3,2026-09-14 16:26:00,2026-09-14 18:43:31.560666801,137.5,1,0,normal,16,0
HLD-BT40-03,BT40,WS02,Operatör_8,2026-09-14 16:56:00,2026-09-14 20:06:18.281136352,190.3,1,0,normal,16,0
