cost_ratio,model_expected_cost,rule_expected_cost
0.1,0.043648,0.023424
0.2505050505050505,0.051546505050505044,0.04422981818181818
0.40101010101010104,0.059445010101010096,0.06503563636363636
0.5515151515151515,0.06734351515151515,0.08584145454545455
0.702020202020202,0.0752420202020202,0.10664727272727273
0.8525252525252525,0.08314052525252526,0.1274530909090909
1.0030303030303032,0.09103903030303032,0.1482589090909091
1.1535353535353536,0.09893753535353536,0.16906472727272728
1.304040404040404,0.10683604040404042,0.18987054545454546
1.4545454545454546,0.11473454545454545,0.21067636363636363
1.605050505050505,0.12263305050505051,0.2314821818181818
1.7555555555555555,0.13053155555555557,0.25228799999999996
1.9060606060606062,0.1384300606060606,0.2730938181818182
2.0565656565656565,0.14632856565656566,0.2938996363636364
2.207070707070707,0.1542270707070707,0.3147054545454545
2.3575757575757574,0.16212557575757575,0.33551127272727277
2.508080808080808,0.1700240808080808,0.35631709090909086
2.658585858585859,0.1779225858585859,0.3771229090909091
2.809090909090909,0.18582109090909088,0.3979287272727273
2.95959595959596,0.19371959595959595,0.4187345454545455
3.11010101010101,0.20161810101010103,0.4395403636363636
3.2606060606060607,0.20951660606060604,0.46034618181818177
3.411111111111111,0.21741511111111111,0.48115199999999997
3.5616161616161617,0.2253136161616162,0.5019578181818182
3.7121212121212124,0.23321212121212126,0.5227636363636363
3.8626262626262626,0.24111062626262628,0.5435694545454546
4.013131313131313,0.24900913131313135,0.5643752727272726
4.163636363636363,0.25690763636363634,0.5851810909090909
4.314141414141414,0.26480614141414144,0.605986909090909
4.4646464646464645,0.2727046464646465,0.6267927272727272
4.615151515151514,0.28060315151515147,0.6475985454545453
4.765656565656565,0.2885016565656565,0.6684043636363636
4.916161616161616,0.2964001616161616,0.6892101818181817
5.066666666666666,0.3042986666666666,0.710016
5.217171717171717,0.3121971717171717,0.7308218181818182
5.367676767676767,0.3200956767676767,0.7516276363636363
5.518181818181818,0.32799418181818174,0.7724334545454544
5.668686868686868,0.33589268686868684,0.7932392727272727
5.819191919191919,0.3437911919191919,0.8140450909090908
5.969696969696969,0.35168969696969693,0.834850909090909
6.1202020202020195,0.35958820202020203,0.8556567272727271
6.27070707070707,0.367486707070707,0.8764625454545453
6.421212121212121,0.3753852121212121,0.8972683636363635
6.571717171717172,0.38328371717171716,0.9180741818181819
6.722222222222221,0.3911822222222222,0.9388799999999998
6.872727272727272,0.3990807272727272,0.9596858181818181
7.023232323232323,0.40697923232323224,0.9804916363636365
7.1737373737373735,0.41487773737373734,1.0012974545454545
7.324242424242424,0.42277624242424244,1.0221032727272727
7.474747474747474,0.4306747474747475,1.042909090909091
7.625252525252525,0.4385732525252525,1.063714909090909
7.775757575757575,0.44647175757575763,1.0845207272727273
7.926262626262626,0.4543702626262626,1.1053265454545458
8.076767676767677,0.4622687676767677,1.1261323636363636
8.227272727272727,0.47016727272727266,1.1469381818181816
8.377777777777776,0.4780657777777777,1.1677439999999997
8.528282828282828,0.4859642828282828,1.1885498181818182
8.678787878787878,0.49386278787878785,1.2093556363636364
8.82929292929293,0.501761292929293,1.2301614545454547
8.97979797979798,0.5096597979797979,1.2509672727272727
9.130303030303029,0.517558303030303,1.2717730909090907
9.28080808080808,0.5254568080808081,1.292578909090909
9.43131313131313,0.533355313131313,1.3133847272727273
9.581818181818182,0.5412538181818183,1.3341905454545455
9.732323232323232,0.5491523232323232,1.3549963636363638
9.882828282828282,0.5570508282828281,1.3758021818181816
10.033333333333333,0.5649493333333333,1.396608
10.183838383838383,0.5728478383838383,1.417413818181818
10.334343434343435,0.5807463434343434,1.4382196363636364
10.484848484848484,0.5886448484848485,1.4590254545454546
10.635353535353534,0.5965433535353535,1.4798312727272727
10.785858585858586,0.6044418585858586,1.500637090909091
10.936363636363636,0.6123403636363636,1.521442909090909
11.086868686868687,0.6202388686868687,1.5422487272727277
11.237373737373737,0.6281373737373738,1.5630545454545455
11.387878787878787,0.6360358787878787,1.5838603636363637
11.538383838383838,0.6439343838383838,1.6046661818181818
11.688888888888888,0.6518328888888888,1.6254719999999998
11.839393939393938,0.6597313939393938,1.646277818181818
11.98989898989899,0.6676298989898989,1.667083636363636
12.14040404040404,0.6755284040404039,1.6878894545454544
12.290909090909091,0.6834269090909091,1.7086952727272728
12.44141414141414,0.6913254141414142,1.7295010909090909
12.59191919191919,0.6992239191919192,1.750306909090909
12.742424242424242,0.7071224242424241,1.7711127272727272
12.892929292929292,0.7150209292929292,1.7919185454545452
13.043434343434344,0.7229194343434344,1.8127243636363637
13.193939393939393,0.7308179393939394,1.833530181818182
13.344444444444443,0.7387164444444443,1.8543359999999995
13.494949494949495,0.7466149494949496,1.875141818181818
13.645454545454545,0.7545134545454545,1.8959476363636363
13.795959595959596,0.7624119595959595,1.9167534545454548
13.946464646464646,0.7703104646464646,1.9375592727272726
14.096969696969696,0.7782089696969696,1.958365090909091
14.247474747474747,0.7861074747474748,1.979170909090909
14.397979797979797,0.7940059797979797,1.9999767272727271
14.548484848484849,0.8019044848484848,2.0207825454545456
14.698989898989899,0.8098029898989898,2.0415883636363636
14.849494949494948,0.8177014949494948,2.0623941818181817
15.0,0.8256,2.0832
